species,morph_SVL,morph_head_width,morph_head_length,morph_sex,morph_hind_leg_length,number_pores_males,trunk_length,trunk_width,foreleg_length,femur_length,head_depth,snout_length,snout_depth,naris_to_eye,eye_to_ear,internarial_dist,interorbital_dist,orbit_length,rostral_scale_height,rostral_scale_width,supralabial_scales,infralabial_scales,internarial_scales,tail_length,tail_depth,tail_width,age,toe_length,number_toe_lamellae,division_type,number_finger_lamellae
Gehyra cfoccidentalis,63,,,,,,,,,,,,,,,,,,,,,,,,,,,,,,
Gehyra cfoccidentalis,61,,,F,,,,,,,,,,,,,,,,,,,,,,,,,,,
Gehyra cfoccidentalis,53,,,M,,,,,,,,,,,,,,,,,,,,,,,,,,,
Gehyra cfoccidentalis,57,,,M,,,,,,,,,,,,,,,,,,,,,,,,,,,
Gehyra cfoccidentalis,53,,,m,,,,,,,,,,,,,,,,,,,,,,,,,,,
Gehyra cfoccidentalis,65,,,f,,,,,,,,,,,,,,,,,,,,,,,,,,,
Gehyra cfoccidentalis,62,,,m,,,,,,,,,,,,,,,,,,,,,,,,,,,
Gehyra cfoccidentalis,62,,,f,,,,,,,,,,,,,,,,,,,,,,,,,,,
Gehyra cfoccidentalis,60,,,m,,,,,,,,,,,,,,,,,,,,,,,,,,,
Gehyra cfoccidentalis,49,,,f,,,,,,,,,,,,,,,,,,,,,,,,,,,
Gehyra cfoccidentalis,43,,,J,,,,,,,,,,,,,,,,,,,,,,,,,,,
Gehyra cfoccidentalis,48,,,f,,,,,,,,,,,,,,,,,,,,,,,,,,,
Gehyra cfoccidentalis,50,,,J,,,,,,,,,,,,,,,,,,,,,,,,,,,
Gehyra cfoccidentalis,65,,,m,,,,,,,,,,,,,,,,,,,,,,,,,,,
Gehyra cfoccidentalis,53,,,m,,,,,,,,,,,,,,,,,,,,,,,,,,,
Gehyra cfoccidentalis,63,,,f,,,,,,,,,,,,,,,,,,,,,,,,,,,
Gehyra cfoccidentalis,64,12,15,M,8.9,,,,,8,,,,,,,,,,,,,,,,,,,,,
Gehyra cfoccidentalis,51,10,12,J,7.3,,,,,7,,,,,,,,,,,,,,,,,,,,,
Gehyra cfoccidentalis,61,12,15,F,8.1,,,,,8,,,,,,,,,,,,,,,,,,,,,
Gehyra cfoccidentalis,61,11,15,F,8.8,,,,,8,,,,,,,,,,,,,,,,,,,,,
Gehyra cfoccidentalis,47,9,12,J,6.5,,,,,6,,,,,,,,,,,,,,,,,,,,,
Gehyra cfoccidentalis,42,9,11,J,6.7,,,,,6,,,,,,,,,,,,,,,,,,,,,
Gehyra cfoccidentalis,56,10,13,M,8.3,,,,,8,,,,,,,,,,,,,,,,,,,,,
Gehyra cfoccidentalis,46,9,11,J,7.3,,,,,7,,,,,,,,,,,,,,,,,,,,,
Gehyra girloorloo,44.17,9,10,F,4.66,,17.34,,5.24,4,4.16,4.17,,3,2.43,1.52,3.17,2.4,0.93,1.66,7,7,1,,,,,,6,,5
Gehyra girloorloo,46.975,8,10,F,5.69,,21.135,8.19,5.425,5,5.265,4.34,3,3,3.13,1.34,3.26,2.57,0.89,1.47,7,7,2,,,,,,7,,6
Gehyra girloorloo,45.395,8,10,F,5.43,,19.575,7.76,5.11,5,5.19,4.31,3,3,2.75,1.21,3.14,2.9,0.96,1.72,7,7,,,,,,,7,,6
Gehyra girloorloo,40.18,8,9,M,5.42,9,15.055,7,4.82,5,4.54,3.945,3,3,2.65,1.3,2.95,2.33,0.73,1.76,7,7,,,,,,,7,,6
Gehyra girloorloo,42.22,8,10,M,5.325,9,18.8,8.13,4.815,5,5.255,3.98,3,3,2.87,1.26,2.52,2.69,1.01,1.53,8,8,,,,,,,7,,6
Gehyra girloorloo,43.37,8,10,M,5.03,9,17.01,,4.99,5,4.87,4.87,,3,2.82,1.25,2.86,2.51,1.03,1.51,9,9,,,,,,,6,,5
Gehyra girloorloo,41.45,8,10,M,5.17,11,16.92,,5.62,5,4,4.37,,3,2.46,1.36,3.03,2.76,0.85,1.71,8,8,,,,,,,6,,5
Gehyra girloorloo,41,8,10,M,4.67,8,16.48,,5.15,4,5.24,4.44,,3,2.83,1.2,3.04,2.58,0.91,1.41,8,7,1,,,,,,6,,6
Gehyra girloorloo,39.76,7,10,M,4.81,8,16.49,,3.94,4,4.7,3.85,,2,2.93,1.36,2.61,2.78,0.9,1.52,9,8,1,,,,,,7,,6
Gehyra girloorloo,41.79,8,10,F,5.12,,16.63,,4.72,5,5.59,4.38,,3,3.04,1.5,3.15,2.54,0.98,1.75,8,7,,,,,,,6,,5
Gehyra girloorloo,41.25,8,10,M,5.43,9,18.38,,4.97,5,4.74,4.48,,3,2.94,1.49,3.24,2.43,0.87,1.49,8,7,,,,,,,7,,6
Gehyra girloorloo,46,,,F,,,,,,,,,,,,,,,,,,,,,,,,,,,
Gehyra girloorloo,42,,,M,,,,,,,,,,,,,,,,,,,,,,,,,,,
Gehyra girloorloo,44.18,8,11,M,5.14,9,17.3,,4.82,5,3.99,4.63,,3,3.2,1.32,2.71,2.35,1.06,1.4,8,8,,,,,,,6,,6
Gehyra girloorloo,42.16,8,10,M,4.91,8,18.68,,4.65,4,4.2,4.54,,3,2.66,1.27,2.63,2.42,0.92,1.36,9,8,,,,,,,6,,6
Gehyra girloorloo,47,9,11,F,5.9,,,,,5,,,,,,,,,,,,,,,,,,,,,
Gehyra girloorloo,40,7,9,M,5.8,,,,,5,,,,,,,,,,,,,,,,,,,,,
Gehyra girloorloo,43.41,7,10,,,,,,,,,,,,,,,,,,,,,,,,,,,,
Gehyra girloorloo,44.33,8,9,,,,,,,,,,,,,,,,,,,,,,,,,,,,
Gehyra girloorloo,44.05,8,10,,,,,,,,,,,,,,,,,,,,,,,,,,,,
Gehyra girloorloo,42.52,8,9,,,,,,,,,,,,,,,,,,,,,,,,,,,,
Gehyra girloorloo,48,,,,,,,,,,,,,,,,,,,,,,,,,,,,,,
Gehyra girloorloo,43,,,,,,,,,,,,,,,,,,,,,,,,,,,,,,
Gehyra granulum,40.8,8,9,M,4.6,13,18.31,,4.26,4,4.35,3.97,,3,2.88,0.94,3.29,2.06,1.06,1.5,8,7,,,,,,,6,,6
Gehyra granulum,39.67,8,10,M,3.47,12,15.17,,4.51,3,4.64,4.81,,3,2.91,1.71,3.14,2.68,1.18,1.64,7,7,,,,,,,6,,6
Gehyra granulum,43.11,8,9,F,4.33,,16.9,,4.89,4,5.33,4.56,,3,2.79,1.27,2.95,2.4,1.03,1.91,8,7,,,,,,,6,,5
Gehyra granulum,33,,,,,,,,,,,,,,,,,,,,,,,,,,,,,,
Gehyra granulum,39,,,,,,,,,,,,,,,,,,,,,,,,,,,,,,
Gehyra granulum,37.89,8,10,M,4.79,11,17.98,,5.28,4,4.67,4.61,,3,3,1.06,3.21,2.46,0.92,1.68,8,7,,,,,,,5,,5
Gehyra granulum,45,,,,,,,,,,,,,,,,,,,,,,,,,,,,,,
Gehyra granulum,41,8,9,M,4.66,12,19.43,,4.94,4,4.31,4.27,,3,2.68,1.21,3.39,2.2,1.07,1.55,7,7,,,,,,,5,,5
Gehyra granulum,40.96,8,9,F,4.81,,18.63,,4.46,4,5.03,4.64,,3,3.27,1,2.65,2.24,1.1,1.49,8,7,,,,,,,5,,5
Gehyra granulum,43.03,8,10,M,4.41,18,19.9,,4.87,4,5.16,4.47,,3,3.22,1.15,3.03,2.43,0.96,1.65,7,7,1,,,,,,5,,5
Gehyra granulum,47,,,,,,,,,,,,,,,,,,,,,,,,,,,,,,
Gehyra granulum,38,7,7,F,4.46,,13.39,,4.43,4,3.81,3.59,,3,2.45,0.97,2.9,1.98,1.04,1.45,8,7,,,,,,,5,,5
Gehyra granulum,42.13,9,10,F,5.13,,16.64,,,5,4.25,4.52,,3,2.62,0.94,3.17,2.26,1.03,1.46,8,7,,,,,,,6,,6
Gehyra granulum,40.16,9,10,M,5.38,13,14.46,,4.02,5,4.38,4.81,,4,3.72,1.19,2.84,2.4,0.87,1.57,7,7,,,,,,,5,,5
Gehyra granulum,35.28,7,9,F,4.47,,13.49,,3.93,4,3.05,3.81,,3,2.54,0.91,2.87,2.3,0.82,1.43,8,7,,,,,,,6,,5
Gehyra granulum,37.11,7,9,F,4.92,,16.8,,3.95,4,3.81,3.83,,3,2.52,0.87,2.92,2.29,0.92,1.37,9,8,,,,,,,5,,5
Gehyra granulum,41.55,8,10,F,5.14,,17.07,,5.21,5,5,5.17,,4,3.35,1.14,3.15,,1.21,1.84,,7,,,,,,,6,,6
Gehyra granulum,42.03,9,10,F,5.14,,15.93,,5.45,5,5.05,4.52,,3,3.39,1.42,3.02,2.89,0.96,1.8,8,7,,,,,,,6,,6
Gehyra granulum,36.365,7,8,M,5.635,12,15.42,6.75,4.71,5,3.71,3.64,2,3,2.42,1.08,2.53,2.21,0.84,1.22,8,8,,,,,,2.42,6,,5
Gehyra granulum,41.86,8,10,F,5.42,,20.62,,4.72,5,4.54,4.29,,3,2.8,1.1,2.99,2.3,0.85,1.61,8,7,,,,,,,6,,5
Gehyra granulum,34.83,7,9,F,3.64,,12.24,,3.27,3,3.09,4.01,,3,2.37,1.33,2.57,2.31,0.9,1.28,7,7,,,,,,,6,,5
Gehyra granulum,38.45,8,10,F,4.96,,12.8,,4.94,4,4.72,4.51,,3,2.92,1.53,3.08,2.36,1.06,1.53,8,8,,,,,,,5,,5
Gehyra granulum,35.63,8,9,F,3.67,,16.99,,4.24,3,4.3,3.91,,3,3.35,0.74,3.05,2.16,0.91,1.43,8,7,,,,,,,5,,5
Gehyra granulum,43.5,,,M,,,,,,,,,,,,,,,,,,,,,,,,,,,
Gehyra granulum,36.36,8,9,M,3.45,15,13.7,,4.44,3,4.24,4.34,,3,2.44,1.2,3.1,2.32,0.96,1.35,8,7,,,,,,,5,,5
Gehyra granulum,39.5,,,F,,,,,,,,,,,,,,,,,,,,,,,,,,,
Gehyra granulum,37.61,7,9,F,4.45,,16.51,,4.72,4,3.98,4.02,,3,2.31,1.17,2.64,2.08,1.02,1.36,8,7,,,,,,,5,,5
Gehyra granulum,43.64,9,10,F,5.09,,16.49,8.19,4.285,5,4.02,4.495,3,3,3.31,1.04,3.55,2.39,0.86,1.55,8,7,,,,,,2.66,6,,5
Gehyra granulum,44,,,,,,,,,,,,,,,,,,,,,,,,,,,,,,
Gehyra granulum,41.04,8,9,M,4.28,19,15.82,,4.78,4,4.3,4.69,,3,2.84,1.45,3.27,2.27,0.93,1.6,8,7,,,,,,,5,,5
Gehyra granulum,45.73,8,9,F,7.64,,,,,7,,,,,,,,,,,,,,,,,,,,,
Gehyra granulum,43,,,,,,,,,,,,,,,,,,,,,,,,,,,,,,
Gehyra granulum,42.665,8,10,M,5.895,15,16.285,7.99,5.48,5,4.84,4.655,3,3,3.69,1.4,3.66,2.7,1.1,1.89,8,7,1,,,,,3.23,6,,5
Gehyra granulum,39.39,8,9,M,4.18,15,12.77,,3.91,4,4.58,4.6,,3,2.27,1.18,3.38,2.51,1.03,1.35,9,7,,,,,,,7,,6
Gehyra granulum,45,8,10,M,4.73,16,,,4.52,4,4.36,4.56,,3,2.9,1.21,2.74,2.04,1.03,1.56,7,7,,,,,,,5,,5
Gehyra granulum,42.85,8,11,F,4.82,,17.22,,5.04,4,4.27,4.72,,3,3.48,1.13,2.8,2.36,1.08,1.64,7,7,,,,,,,6,,5
Gehyra granulum,35.32,6,8,,,,,,,,,,,,,,,,,,,,,,,,,,,,
Gehyra granulum,41.12,8,9,F,4.95,,16.81,,4.4,4,5.04,4.34,,3,3.02,1.21,2.8,2.33,1.04,1.5,8,7,,,,,,,6,,6
Gehyra granulum,38.48,8,9,F,5.41,,17.5,,5.27,5,4.48,4.43,,3,2.83,0.96,2.94,2.58,0.84,1.37,8,7,,,,,,,6,,5
Gehyra granulum,39.71,8,10,M,5.655,15,15.29,8.62,4.81,5,4.205,4.14,3,3,2.98,1.07,3.79,2.32,1.04,1.59,7,7,1,,,,,2.27,6,,5
Gehyra granulum,39.985,8,9,M,4.65,15,15.66,7.51,4.705,4,4.42,4.045,3,3,3.06,1.34,2.98,2.29,0.85,1.51,7,7,1,,,,,2.63,6,,5
Gehyra granulum,43.15,9,10,F,6.925,,16.125,7.77,5.255,6,4.17,4.53,3,3,3.46,1.17,2.91,2.4,1,1.59,8,7,1,,,,,2.78,6,,5
Gehyra granulum,42.01,9,11,F,6.92,,,,,6,,,,,,,,,,,,,,,,,,,,,
Gehyra granulum,40.79,8,10,M,6.53,,,,,6,,,,,,,,,,,,,,,,,,,,,
Gehyra granulum,38.18,7,9,J,5.76,,,,,5,,,,,,,,,,,,,,,,,,,,,
Gehyra granulum,39.72,7,10,M,4.63,15,14.345,8.06,4.455,4,4.47,4.16,3,3,2.7,1.34,2.37,2.89,1.16,1.59,8,7,1,,,,,2.23,6,,5
Gehyra granulum,38.89,8,9,J,4.56,,,,,4,,,,,,,,,,,,,,,,,,,,,
Gehyra granulum,38.27,8,10,M,5.025,15,15.385,7.87,4.88,5,4.02,4.255,3,3,2.81,1.11,2.14,2.57,0.9,1.36,8,8,1,,,,,2.58,6,,5
Gehyra granulum,37.73,8,10,M,5.3,19,12.935,6.89,4.06,5,4.46,3.85,3,3,3.23,1.29,2.64,2.55,0.95,1.38,7,7,1,,,,,2.56,6,,5
Gehyra granulum,39.155,7,9,F,5.12,,16.08,7.83,4.66,5,4.47,4.13,3,3,3.33,1.25,3.26,2.39,1.02,1.54,9,8,,,,,,2.3,6,,5
Gehyra granulum,40.22,8,10,F,4.19,,18.2,,4.25,4,5.09,4.66,,3,2.74,1.26,2.72,2.35,1.08,1.3,7,7,1,,,,,,6,,5
Gehyra kimberleyi,49.85,9,12,M,7.68,18,20.42,9.99,6.15,7,6.67,4.77,4,,,,,,,,,,,,,,,,8,,
Gehyra kimberleyi,53.81,9,12,F,6.25,,22.63,,5.44,6,5.42,5.16,,4,3.92,1.65,3.52,2.95,1.14,1.66,8,7,1,,,,,,6,,6
Gehyra kimberleyi,56.71,12,13,M,7.28,17,24.38,,5.32,7,6.41,5.39,,4,3.93,1.46,4.26,3.09,1.07,1.79,8,8,,,,,,,7,,6
Gehyra kimberleyi,52.35,11,12,M,5.31,12,23.07,,4.74,5,5.43,5.02,,4,3.18,1.33,3.38,2.85,1.06,1.44,8,8,1,,,,,,7,,6
Gehyra kimberleyi,50.95,9,13,M,7.08,14,21.19,9.62,5.98,7,6.44,5.18,4,,,,,,,,,,,,,,,,7,,
Gehyra kimberleyi,48.56,9,11,F,5.4,,18.18,,5.64,5,5.19,5.02,,4,3.36,1.39,3.95,2.78,1.34,2.1,8,8,,,,,,,7,,6
Gehyra kimberleyi,42,8,9,M,4.57,14,16.23,,3.86,4,4.9,4.1,,3,2.84,1.18,2.96,2.48,0.89,1.59,7,7,1,,,,,,7,,6
Gehyra kimberleyi,44.25,9,10,F,4.88,,15.14,,5.21,4,4.95,4.77,,3,3.36,1.43,3.11,2.89,1.02,1.64,9,8,2,,,,,,6,,5
Gehyra kimberleyi,52.6,11,12,M,5.69,15,21.55,,6.31,5,5.61,5.28,,3,3.71,1.72,3.81,2.99,1.3,1.8,8,7,1,,,,,,7,,6
Gehyra kimberleyi,48.42,10,11,F,5.47,,20.34,,5.52,5,6.1,4.86,,4,3.37,1.38,3.22,2.9,1.13,1.74,8,8,,,,,,,7,,7
Gehyra kimberleyi,58.22,11,13,M,7.12,16,23.32,,6.88,7,6.6,5.44,,5,4.08,1.42,3.77,3.16,1.22,1.92,8,7,1,,,,,,7,,6
Gehyra kimberleyi,53.64,11,13,M,6.32,16,25.25,,5.58,6,6.16,5.39,,4,3.46,1.65,4.08,3,1.38,1.91,8,7,1,,,,,,6,,6
Gehyra kimberleyi,50.5,10,11,F,5.84,,20.53,,5.89,5,6.02,4.95,,3,3.28,1.69,3.12,2.91,1.21,1.85,8,7,1,,,,,,7,,6
Gehyra kimberleyi,48.51,10,11,F,5.11,,20.1,,5.27,5,5.49,5.24,,4,3.15,1.6,3.59,2.9,1.01,1.77,8,7,1,,,,,,6,,6
Gehyra kimberleyi,49.4,10,12,M,5.28,15,19.98,,5.94,5,6.86,5.14,,4,3.96,1.69,3.97,3.12,1.14,1.67,8,8,1,,,,,,7,,6
Gehyra kimberleyi,61.26,12,14,M,8.73,17,27.92,,7.68,8,7.88,5.92,,4,4.22,2.1,3.95,3.4,1.42,1.94,8,8,1,,,,,,8,,7
Gehyra kimberleyi,48.97,9,11,M,4.74,14,18.89,,4.46,4,5.28,5.05,,4,3.21,1.45,3.16,3.16,1.14,1.82,8,7,1,,,,,,7,,6
Gehyra kimberleyi,44.76,8,10,F,4.77,,19.1,,5,4,4.92,4.66,,3,2.87,1.56,3.4,2.55,0.97,1.61,7,7,1,,,,,,7,,6
Gehyra kimberleyi,37.44,7,8,F,5.6,,15.31,,4.69,5,4.19,3.86,,3,3.09,0.97,2.87,2.06,0.82,1.38,9,7,1,,,,,,7,,6
Gehyra kimberleyi,47.24,9,11,M,8.09,16,20.62,,5.25,8,4.54,4.46,,3,3.68,1.26,3.02,2.42,1.16,1.96,7,7,,,,,,,7,,5
Gehyra kimberleyi,47.05,10,9,F,7.6,,,,,7,,,,,,,,,,,,,,,,,,,,,
Gehyra kimberleyi,50.16,10,10,M,7.72,16,22.43,,5.38,7,6.33,5.02,,3,3.59,1.59,4.39,2.7,1.12,1.91,7,7,1,,,,,,6,,5
Gehyra kimberleyi,52.28,10,12,M,7.77,,,,,7,,,,,,,,,,,,,,,,,,,,,
Gehyra kimberleyi,55.27,12,13,F,10.28,,,,,10,,,,,,,,,,,,,,,,,,,,,
Gehyra kimberleyi,45.83,9,11,F,7.41,,,,,7,,,,,,,,,,,,,,,,,,,,,
Gehyra kimberleyi,52.445,9,12,F,6.665,,22.485,9.33,5.87,6,5.72,5.025,4,4,3.59,1.37,3.28,2.83,1.17,1.76,7,8,1,,,,,,7,,6
Gehyra kimberleyi,43,,,,,,,,,,,,,,,,,,,,,,,,,,,,,,
Gehyra kimberleyi,47,,,M,,,,,,,,,,,,,,,,,,,,,,,,,,,
Gehyra kimberleyi,43.14,8,10,J,5.735,,17.605,8.14,5.49,5,4.19,4.37,3,3,2.89,1.19,3.25,2.87,0.96,1.61,8,7,,,,,,,7,,5
Gehyra kimberleyi,47.41,9,11,M,6.355,16,20.585,8.37,5.715,6,6.08,4.85,4,4,3.66,1.53,3.33,2.87,1.23,1.78,8,7,1,,,,,,7,,6
Gehyra kimberleyi,45.61,9,11,F,5.33,,20.7,,4.22,5,5.49,4.59,,3,3.5,1.07,3.42,2.87,1.06,1.69,8,7,,,,,,,7,,6
Gehyra kimberleyi,52.6,10,13,M,7.4,17,22.19,9.48,6.12,7,6.28,5.1,4,,,,,,,,,,,,,,,,7,,
Gehyra kimberleyi,47.2,8,10,J,6.31,,20.07,8.48,5.73,6,5.52,4.26,3,,,,,,,,,,,,,,,,7,,
Gehyra kimberleyi,55,11,12,M,7.9,,,,,7,,,,,,,,,,,,,,,,,,,,,
Gehyra kimberleyi,50,10,11,M,7,,,,,7,,,,,,,,,,,,,,,,,,,,,
Gehyra multiporosa,45.62,9,11,M,5.04,19,17.665,8.69,4.67,5,5.595,4.475,4,3,2.64,1.45,2.63,2.78,1.16,1.72,8,7,,,,,,,6,,5
Gehyra multiporosa,48.94,9,11,M,4.08,44,18.91,,5.32,4,5.83,5.42,,4,3.03,1.7,3.36,2.97,1.04,1.87,8,8,1,,,,,,7,,6
Gehyra multiporosa,52.12,11,12,F,4.49,,18.24,,5.41,4,5.4,5.69,,4,3.01,1.64,3.89,3.39,1.2,2.15,8,8,1,,,,,,6,,6
Gehyra multiporosa,41,,,F,,,,,,,,,,,,,,,,,,,,,,,,,,,
Gehyra multiporosa,48.84,9,11,F,6.4,,,,,6,,,,,,,,,,,,,,,,,,,,,
Gehyra multiporosa,49.04,9,11,F,5.74,,,,,5,,,,,,,,,,,,,,,,,,,,,
Gehyra multiporosa,54.96,10,13,M,6.6,,,,,6,,,,,,,,,,,,,,,,,,,,,
Gehyra multiporosa,52.66,11,14,F,7.11,,,,,7,,,,,,,,,,,,,,,,,,,,,
Gehyra multiporosa,52.93,10,12,M,7.88,,,,,7,,,,,,,,,,,,,,,,,,,,,
Gehyra multiporosa,49.08,8,11,M,6.42,,,,,6,,,,,,,,,,,,,,,,,,,,,
Gehyra multiporosa,54.37,9,12,F,6.54,,,,,6,,,,,,,,,,,,,,,,,,,,,
Gehyra multiporosa,52.62,10,12,M,7.15,,,,,7,,,,,,,,,,,,,,,,,,,,,
Gehyra multiporosa,48.96,9,12,F,6.5,,,,,6,,,,,,,,,,,,,,,,,,,,,
Gehyra multiporosa,50.64,9,12,F,3.78,,20.09,,4.75,3,5.45,5.42,,3,2.96,1.38,3.85,3,1.05,1.91,9,8,1,,,,,,7,,6
Gehyra multiporosa,42.22,8,10,F,4.71,,18.58,,3.47,4,4.73,4.84,,4,2.79,1.55,3.18,2.71,1.03,1.48,8,8,1,,,,,,7,,7
Gehyra multiporosa,54.725,10,12,F,6.685,,22.095,10.16,5.73,6,5.78,5.305,4,4,3.28,1.58,3.41,3.17,1.31,2.14,8,8,,,,,,,7,,6
Gehyra multiporosa,48.48,10,11,J,6.14,,19.015,8.04,5.3,6,4.96,4.715,3,4,3.34,1.77,3.97,3.47,1.35,1.94,9,9,1,,,,,,7,,7
Gehyra multiporosa,48.93,11,12,M,4.17,46,14.89,,4.34,4,5.68,5.67,,4,4.06,1.78,4.39,3.05,1.19,1.95,9,9,1,,,,,,6,,6
Gehyra multiporosa,46.745,9,11,M,5.67,21,16.805,8.65,5.11,5,4.715,4.91,3,3,2.71,1.59,2.7,3.07,1.15,1.84,8,7,1,,,,,,7,,6
Gehyra multiporosa,53.705,10,12,M,6.265,49,21.2,9.87,5.17,6,5.79,5.345,4,4,3.4,1.68,2.94,3.28,1.25,2.04,8,7,1,,,,,,7,,6
Gehyra multiporosa,50.58,11,12,M,5.1,48,20.56,,5.09,5,5.56,5.63,,4,3.48,1.34,3.38,3.12,1.23,1.84,9,7,1,,,,,,7,,6
Gehyra multiporosa,53.04,10,12,F,6.21,,21.755,10.11,5.655,6,5.415,5.18,4,3,2.96,1.5,3.28,3.27,1.04,1.23,7,6,,,,,,,7,,6
Gehyra multiporosa,50.965,10,12,M,6.53,45,20.305,9.95,5.195,6,5.31,5.535,4,4,3.48,1.72,3.63,3.01,1.08,1.67,7,6,1,,,,,,7,,6
Gehyra multiporosa,48.85,10,11,M,5.87,28,20.11,,4.95,5,5.05,5.58,,4,3.27,1.31,3.57,3.23,1.28,1.77,8,8,1,,,,,,7,,6
Gehyra multiporosa,47.64,9,11,M,4.69,20,19.64,,4.38,4,4.98,5.21,,3,3.16,1.56,3.1,2.95,1.19,1.57,8,8,,,,,,,7,,6
Gehyra multiporosa,49.49,9,11,F,7.06,,20.45,9.95,5.84,7,5.74,4.49,4,,,,,,,,,,,,,,,,7,,
Gehyra multiporosa,48.84,9,12,M,6.34,38,20,9.51,5.33,6,5.97,4.67,4,,,,,,,,,,,,,,,,7,,
Gehyra multiporosa,49.74,10,12,M,6.44,37,20.3,9.65,5.81,6,5.95,4.86,4,,,,,,,,,,,,,,,,7,,
Gehyra multiporosa,38.69,7,10,F,5.18,,,,,5,,,,,,,,,,,,,,,,,,,,,
Gehyra multiporosa,41.36,10,10,M,6.85,,,,,6,,,,,,,,,,,,,,,,,,,,,
Gehyra multiporosa,38.58,8,10,F,6.07,,,,,6,,,,,,,,,,,,,,,,,,,,,
Gehyra multiporosa,42.17,8,11,F,5.81,,,,,5,,,,,,,,,,,,,,,,,,,,,
Gehyra multiporosa,39.37,7,9,F,5.53,,,,,5,,,,,,,,,,,,,,,,,,,,,
Gehyra multiporosa,48.87,9,12,M,6.62,49,20.14,9.57,5.95,6,6,5.12,4,,,,,,,,,,,,,,,3.49,8,,
Gehyra nana,42.04,8,10,M,3.75,15,12.28,,3.87,3,4.37,4.95,,3,3.05,1.08,3.05,2.75,0.82,1.56,8,7,1,,,,,,7,,6
Gehyra nana,39.91,8,9,F,4.31,,12.11,,4.62,4,4.22,4.29,,3,2.94,1.73,2.52,2.25,1.05,1.39,8,7,,,,,,,6,,6
Gehyra nana,47.06,9,10,F,4.3,,15.38,,4.49,4,5.07,4.84,,4,2.54,1.09,3.24,2.51,1.13,1.8,8,7,,,,,,,6,,5
Gehyra nana,41.45,8,10,M,4.53,15,16.89,,4.22,4,4.78,5,,3,2.92,1.26,2.96,2.65,1.05,1.63,7,7,,,,,,,6,,5
Gehyra nana,43.84,8,10,M,4.26,18,15.08,,4.4,4,4.49,4.79,,3,2.95,1.35,3.29,2.97,1.15,1.85,9,8,1,,,,,,6,,6
Gehyra nana,41.6,9,11,M,3.7,15,15.19,,4.05,3,3.86,4.2,,3,2.63,1.38,3.31,2.39,0.82,1.5,9,8,1,,,,,,6,,5
Gehyra nana,41,8,12,M,4.45,15,14.7,,4.33,4,3.96,4.52,,3,2.87,1.25,3.23,2.28,0.95,1.62,8,7,,,,,,,6,,6
Gehyra nana,43.79,9,10,M,3.82,16,20.22,,5.05,3,4.65,4.32,,3,3.72,1.31,3.5,2.27,1.35,1.87,8,7,,,,,,,6,,5
Gehyra nana,31.7,7,8,J,4.96,,,,,4,,,,,,,,,,,,,,,,,,,,,
Gehyra nana,32.35,,,,,,,,,,,,,,,,,,,,,,,,,,,,,,
Gehyra nana,42.28,8,12,F,5.62,,15.46,,4.63,5,3.6,4.48,,3,3.6,1.49,3.58,2.12,1.01,1.6,8,8,1,,,,,,6,,5
Gehyra nana,42.33,8,11,F,6.1,,15.49,,4.29,6,3.57,5.07,,3,4.25,1.53,3.34,2.11,1.03,1.74,8,7,,,,,,,6,,4
Gehyra nana,45.86,8,11,F,6.19,,16.57,,4.88,6,3.69,4.63,,3,3.86,1.53,3.64,2.28,1.07,1.85,7,7,,,,,,,6,,5
Gehyra nana,43.82,7,10,F,5.32,,,,,5,,,,,,,,,,,,,,,,,,,,,
Gehyra nana,40.17,7,9,M,5.79,14,14.98,,4.58,5,3.8,4.67,,3,3.38,1.33,2.57,1.73,1.01,1.56,9,7,1,,,,,,6,,5
Gehyra nana,41.4,7,9,F,5.68,,14.86,,4.24,5,3.85,4.09,,2,3.43,1.15,3.73,2.33,1.02,1.66,7,6,,,,,,,5,,5
Gehyra nana,42.31,8,10,F,5.91,,14.25,,4.78,5,4.58,4.64,,3,3.52,1.53,3.69,2.06,1.06,1.6,7,6,,,,,,,6,,5
Gehyra nana,44.52,8,10,M,5.71,15,17.63,,4.23,5,4.21,4.66,,3,2.96,1.49,2.73,2.53,1.22,1.46,7,7,,,,,,,6,,5
Gehyra nana,43.12,9,12,F,5.93,,,,,5,,,,,,,,,,,,,,,,,,,,,
Gehyra nana,55.26,9,13,M,5.56,16,20.64,,4.32,5,5.03,5.54,,4,4.31,1.59,3.75,1.95,1.21,2.02,8,7,,,,,,,6,,5
Gehyra nana,40.33,9,10,M,6.67,,,,,6,,,,,,,,,,,,,,,,,,,,,
Gehyra nana,31.29,8,9,J,5.4,,,,,5,,,,,,,,,,,,,,,,,,,,,
Gehyra nana,38.73,8,11,M,6.11,,,,,6,,,,,,,,,,,,,,,,,,,,,
Gehyra nana,37.73,7,9,F,4.9,,13.85,,4.15,4,3.56,3.96,,3,2.86,1.16,2.67,2.23,0.93,1.42,8,8,1,,,,,,6,,5
Gehyra nana,43.88,9,9,F,6.06,,,,,6,,,,,,,,,,,,,,,,,,,,,
Gehyra nana,44.98,9,10,M,6.85,17,17.03,,5.09,6,4.4,4.64,,4,3.93,1.28,3.2,2.33,0.91,1.33,8,7,,,,,,,6,,5
Gehyra nana,41.46,9,10,M,6.16,,,,,6,,,,,,,,,,,,,,,,,,,,,
Gehyra nana,34.52,8,8,J,4.78,,,,,4,,,,,,,,,,,,,,,,,,,,,
Gehyra nana,47.58,10,11,F,7.35,,,,,7,,,,,,,,,,,,,,,,,,,,,
Gehyra nana,49.33,9,12,M,6.34,,,,,6,,,,,,,,,,,,,,,,,,,,,
Gehyra nana,44.53,8,11,F,6.06,,,,,6,,,,,,,,,,,,,,,,,,,,,
Gehyra nana,38.68,8,9,F,4.58,,17.11,,3.99,4,4.6,4.16,,3,3.06,1.17,3.25,2.46,0.91,1.52,8,7,,,,,,,6,,6
Gehyra nana,35.25,7,9,F,3.2,,16.11,,4.24,3,4.43,3.79,,3,2.56,1.05,2.9,2.31,0.8,1.5,8,7,1,,,,,,6,,5
Gehyra nana,37.92,7,9,M,5.22,10,18.05,,4.36,5,4.37,4.15,,3,3.07,1.14,3.5,2.43,0.94,1.28,8,7,,,,,,,6,,5
Gehyra nana,38.5,8,9,M,5.19,12,13.53,,4.09,5,4.88,4.6,,3,3.04,0.98,2.7,2.45,0.99,1.85,8,7,,,,,,,6,,6
Gehyra nana,34.6,,,,,,,,,,,,,,,,,,,,,,,,,,,,,,
Gehyra nana,40.68,8,9,F,4.11,,20.24,,3.98,4,4.68,4.39,,3,2.75,1.15,3.22,2.51,0.92,1.7,7,7,,,,,,,6,,5
Gehyra nana,47,,,J,,,,,,,,,,,,,,,,,,,,,,,,,,,
Gehyra nana,42,,,F,,,,,,,,,,,,,,,,,,,,,,,,,,,
Gehyra nana,49,,,F,,,,,,,,,,,,,,,,,,,,,,,,,,,
Gehyra nana,48,,,M,,,,,,,,,,,,,,,,,,,,,,,,,,,
Gehyra nana,44.85,7,10,F,4.44,,15.87,,4.83,4,4.79,4.46,,3,2.78,1.39,3.21,2.73,1.2,1.54,7,6,,,,,,,6,,5
Gehyra nana,42.94,7,10,F,4.53,,16.98,,3.57,4,4.57,4.6,,3,2.47,1.58,2.87,2.48,1.04,1.64,8,7,1,,,,,,5,,5
Gehyra nana,33.1,,,J,,,,,,,,,,,,,,,,,,,,,,,,,,,
Gehyra nana,43.95,8,10,F,5.92,,,,,5,,,,,,,,,,,,,,,,,,,,,
Gehyra nana,48.58,9,11,F,5.71,,,,,5,,,,,,,,,,,,,,,,,,,,,
Gehyra nana,47.74,9,12,M,6.45,15,17.54,,4.34,6,4.58,5.11,,3,3.84,1.38,3.28,2.41,1.2,1.93,8,7,1,,,,,,6,,5
Gehyra nana,47.26,10,10,F,6.89,,18.15,,4.25,6,4.51,4.65,,3,3.09,1.53,3.41,2.14,0.96,1.77,7,6,,,,,,,7,,6
Gehyra nana,46.46,9,10,F,7.79,,16.23,,4.37,7,3.5,5.22,,4,3.62,2.26,4.31,2.46,0.87,1.39,8,8,,,,,,,6,,5
Gehyra nana,51.01,10,12,M,6.84,15,20.17,,5.52,6,4.38,5.19,,4,3.79,1.17,3.28,2.07,0.89,1.69,9,8,1,,,,,,5,,5
Gehyra nana,43.11,9,11,M,6.01,,,,,6,,,,,,,,,,,,,,,,,,,,,
Gehyra nana,46.28,9,12,F,6.86,,,,,6,,,,,,,,,,,,,,,,,,,,,
Gehyra nana,49.76,10,12,F,7.14,,,,,7,,,,,,,,,,,,,,,,,,,,,
Gehyra nana,48.05,11,12,F,7.73,,17.69,,5.75,7,4.45,4.4,,3,3.38,1.55,3.41,2.58,0.82,1.75,8,7,,,,,,,6,,5
Gehyra nana,36.52,8,11,M,5.71,,,,,5,,,,,,,,,,,,,,,,,,,,,
Gehyra nana,41.59,9,10,F,5.7,,,,,5,,,,,,,,,,,,,,,,,,,,,
Gehyra nana,39.31,8,9,J,6.15,,,,,6,,,,,,,,,,,,,,,,,,,,,
Gehyra nana,47.09,10,11,F,6.19,,,,,6,,,,,,,,,,,,,,,,,,,,,
Gehyra nana,44.86,11,12,F,6.58,,,,,6,,,,,,,,,,,,,,,,,,,,,
Gehyra nana,40.81,10,11,M,5.81,,,,,5,,,,,,,,,,,,,,,,,,,,,
Gehyra nana,45.12,8,11,F,6.03,,18.05,,5.22,6,4.16,4.9,,4,3.35,1.5,3.55,2.39,1.13,1.54,8,8,1,,,,,,6,,5
Gehyra nana,31.85,6,8,J,5.29,,,,,5,,,,,,,,,,,,,,,,,,,,,
Gehyra nana,36.13,7,9,F,2.91,,12.07,,3.16,2,3.71,4.22,,3,2.9,1.2,2.99,2.58,0.91,1.48,7,7,,,,,,,7,,6
Gehyra nana,35.47,7,9,F,3.83,,12.26,,4.07,3,4.13,4.45,,3,2.54,0.85,3.04,2.75,0.79,1.7,,,,,,,,,6,,6
Gehyra nana,41.86,7,8,M,4.39,16,17.05,,3.8,4,4.44,4.19,,3,2.73,1.02,2.92,2.24,0.89,1.6,9,8,,,,,,,6,,5
Gehyra nana,41.9,8,11,M,3.92,12,16.46,,4.5,3,4.33,4.4,,3,2.8,1.15,2.83,2.6,0.8,1.5,8,8,,,,,,,6,,6
Gehyra nana,43.34,8,9,F,6.72,,,,,6,,,,,,,,,,,,,,,,,,,,,
Gehyra nana,41.11,9,9,F,7.17,,,,,7,,,,,,,,,,,,,,,,,,,,,
Gehyra nana,37.89,7,10,M,5.36,15,16.13,,4.83,5,3.61,4.25,,3,2.85,1.08,3.23,2.41,0.92,1.37,8,7,1,,,,,,6,,5
Gehyra nana,41.31,8,11,F,5.19,,17.11,,3.89,5,4.37,4.51,,3,2.63,1.38,3.06,2.74,1.12,1.47,8,8,,,,,,,6,,6
Gehyra nana,41.27,8,10,F,5.34,,14.8,,4.26,5,4.57,4.49,,3,2.68,1.59,3.06,2.73,0.97,1.74,8,6,1,,,,,,6,,6
Gehyra nana,39.96,8,10,M,6.15,16,13.75,,4.53,6,4.95,4.42,,3,2.8,1.28,3.09,2.31,1.1,1.54,8,8,1,,,,,,6,,6
Gehyra nana,40.16,8,10,M,4.61,14,14.94,,3.67,4,4.71,4.59,,3,2.82,1.17,2.58,2.34,1.24,1.43,8,8,,,,,,,6,,5
Gehyra nana,40.415,8,10,M,5.185,17,15.285,8.21,4.895,5,4.82,4.315,3,3,3.15,1.25,3.16,2.44,1.06,1.7,8,8,,,,,,,6,,5
Gehyra nana,38.865,7,10,M,5.08,11,16.52,7.61,4.43,5,4.48,3.935,3,3,2.85,1.27,2.76,2.29,1.05,1.61,9,8,,,,,,,6,,5
Gehyra nana,40.92,8,10,M,5.09,14,15.14,,4.75,5,4.39,4.71,,3,3.44,1.54,3.24,2.51,1.18,1.71,8,7,1,,,,,,6,,5
Gehyra nana,37.75,8,8,F,4.3,,15.85,,3.58,4,4.02,3.92,,3,2.78,1.04,3.23,1.95,1,1.53,9,8,1,,,,,,6,,5
Gehyra nana,34.995,7,9,M,4.175,13,14.61,6.95,4.22,4,4.175,3.7,3,2,2.37,1.23,2.77,1.98,1.11,1.5,8,8,,,,,,,6,,5
Gehyra nana,40.71,8,10,F,5.2,,16.02,,3.98,5,4.03,4.3,,3,2.66,1.27,2.69,2.32,1.07,1.97,8,7,,,,,,,6,,5
Gehyra nana,36.37,7,9,F,4.27,,16.41,,3.94,4,4.16,4.21,,3,2.96,1.33,2.67,2.12,0.83,1.34,8,7,,,,,,,6,,5
Gehyra nana,40,,,m,,,,,,,,,,,,,,,,,,,,,,,,,,,
Gehyra nana,43,8,10,F,6.6,,,,,6,,,,,,,,,,,,,,,,,,,,,
Gehyra nana,36.72,8,9,F,4.27,,15.45,,4.35,4,4.26,4.5,,3,2.56,1.17,2.91,1.88,1,1.48,,,,,,,,,6,,5
Gehyra nana,41.14,8,9,F,4.11,,17.68,,4.49,4,3.85,4.37,,3,2.9,1.14,3.38,2.15,0.97,1.47,,,,,,,,,5,,5
Gehyra nana,37.91,7,9,M,5.16,15,16.65,,4.43,5,4.18,4.79,,3,3.09,1.2,3.54,2.37,0.81,1.35,,,,,,,,,6,,6
Gehyra nana,39.38,7,9,F,4.37,,18.44,,5.45,4,5.03,4.41,,3,3.26,0.9,3.25,2.4,0.73,1.64,,,,,,,,,6,,5
Gehyra nana,41.17,8,9,F,4.64,,16.74,,5.22,4,3.97,4.95,,3,3.08,1.23,2.76,2.14,0.84,1.7,,,,,,,,,6,,6
Gehyra nana,37.25,7,9,M,5.23,12,14.95,,4.52,5,4.31,4.26,,3,2.75,0.85,3.07,2.32,0.88,1.47,,,,,,,,,6,,5
Gehyra nana,40.86,7,10,F,5.43,,15.45,,5.02,5,3.77,3.86,,3,3.71,1.37,3.57,2.29,0.7,1.67,8,8,1,,,,,,6,,6
Gehyra nana,37.27,8,9,F,4.48,,13.98,,4.68,4,3.93,4.18,,3,3.09,1.27,3.21,2.09,0.86,1.51,7,8,1,,,,,,5,,5
Gehyra nana,44.06,9,11,M,6.235,15,17.89,8.66,5.73,6,4.155,4.585,3,3,3.86,1.45,5.09,2.24,0.99,1.55,9,8,,,,,,,6,,5
Gehyra nana,40.74,9,11,J,5.63,,,,,5,,,,,,,,,,,,,,,,,,,,,
Gehyra nana,36.72,8,9,J,5.18,,,,,5,,,,,,,,,,,,,,,,,,,,,
Gehyra nana,41.92,8,10,F,5.82,,,,,5,,,,,,,,,,,,,,,,,,,,,
Gehyra nana,40.71,8,10,F,4.75,,12.98,,4.44,4,3.97,4.41,,3,2.94,1.21,2.93,2.04,0.99,1.44,7,7,,,,,,,6,,6
Gehyra nana,34.51,,,J,,,,,,,,,,,,,,,,,,,,,,,,,,,
Gehyra nana,42,7,11,F,6.03,,19.52,,5.1,6,3.99,4.05,,3,3.17,1.24,3.69,1.56,0.86,1.39,7,7,,,,,,,6,,5
Gehyra nana,32.68,,,J,,,,,,,,,,,,,,,,,,,,,,,,,,,
Gehyra nana,40.06,7,10,M,5.37,,,,,5,,,,,,,,,,,,,,,,,,,,,
Gehyra nana,47,9,11,M,6.27,,,,,6,,,,,,,,,,,,,,,,,,,,,
Gehyra nana,33.42,,,J,,,,,,,,,,,,,,,,,,,,,,,,,,,
Gehyra nana,42.08,8,10,F,5.53,,,,,5,,,,,,,,,,,,,,,,,,,,,
Gehyra nana,39.92,8,9,F,5.2,,,,,5,,,,,,,,,,,,,,,,,,,,,
Gehyra nana,41.6,7,10,F,5.79,,,,,5,,,,,,,,,,,,,,,,,,,,,
Gehyra nana,41.95,8,10,M,5.195,13,16.81,8.35,4.905,5,4.465,4.27,3,3,2.9,1.49,3.48,2.65,0.94,1.65,8,8,1,,,,,,6,,6
Gehyra nana,43.4,8,10,F,5.04,,15.9,,4.43,5,4.14,4.72,,3,2.94,1.32,2.9,2.56,0.89,1.64,8,8,,,,,,,7,,6
Gehyra nana,37.73,8,10,,4.41,,,,,4,,,,,,,,,,,,,,,,,,,,,
Gehyra nana,41.065,8,10,M,5.57,16,15.95,7.82,4.975,5,4.315,4.205,3,3,2.88,1.49,2.88,2.56,0.91,1.6,8,7,1,,,,,,7,,6
Gehyra nana,43.5,8,11,F,5.525,,17.12,8.12,5.16,5,4.42,4.495,3,3,2.94,1.33,2.92,2.63,0.92,1.68,8,8,1,,,,,,6,,5
Gehyra nana,33.79,,,J,,,,,,,,,,,,,,,,,,,,,,,,,,,
Gehyra nana,36.89,9,11,F,5.35,,,,,5,,,,,,,,,,,,,,,,,,,,,
Gehyra nana,40.81,8,10,M,3.8,14,16.94,,4.28,3,4.2,4.49,,3,3,1.27,3.07,2.56,1.03,1.73,8,8,1,,,,,,6,,6
Gehyra nana,42.34,9,10,M,4.27,12,18.17,,3.89,4,3.78,4.22,,3,3.08,1.27,2.86,2.48,1.04,1.45,9,9,1,,,,,,6,,6
Gehyra nana,44.055,8,10,M,5.185,12,16.815,8.51,4.78,5,4.46,4.395,3,3,3.48,1.5,2.7,2.49,0.94,1.57,9,8,1,,,,,,6,,5
Gehyra nana,41.17,7,10,M,5.62,,,,,5,,,,,,,,,,,,,,,,,,,,,
Gehyra nana,41.54,8,10,M,4.84,14,16.68,,4.27,4,4.11,4.42,,3,3.23,1.23,2.6,2.21,1.06,1.53,9,8,1,,,,,,6,,5
Gehyra nana,33.4,,,J,,,,,,,,,,,,,,,,,,,,,,,,,,,
Gehyra nana,36.98,7,9,M,4.24,14,14.225,6.95,4.4,4,4.22,3.95,2,3,2.68,1.38,2.87,2.53,0.97,1.63,8,7,1,,,,,,7,,6
Gehyra nana,42.16,8,10,F,4.5,,16.39,,3.74,4,4.76,4.57,,3,2.95,1.22,3.12,2.65,1.34,1.48,8,7,1,,,,,,6,,5
Gehyra nana,41.43,8,10,F,4.84,,15.46,,3.94,4,4.34,4.32,,3,2.71,1.38,2.52,2.64,0.88,1.39,10,9,1,,,,,,6,,5
Gehyra nana,28,,,J,,,,,,,,,,,,,,,,,,,,,,,,,,,
Gehyra nana,40.33,8,11,F,4.85,,16.54,,3.61,4,4.86,4.53,,3,3.02,1.58,2.85,2.67,1.16,1.73,8,7,,,,,,,6,,5
Gehyra nana,39.66,9,10,M,4.59,14,17.51,,4.37,4,4.89,4.37,,3,3.33,1.37,2.69,2.38,1.08,1.6,8,7,1,,,,,,6,,6
Gehyra nana,33.62,7,9,F,3.88,,13.95,,3.61,3,4.12,3.87,,3,2.74,1.37,2.83,2.35,0.87,1.35,9,8,,,,,,,6,,5
Gehyra nana,36.09,8,9,F,4.01,,11.98,,3.72,4,4.43,4.83,,3,2.51,1.43,2.9,2.4,0.94,1.58,8,8,,,,,,,6,,5
Gehyra nana,36.83,8,10,M,4.75,15,16.36,,4.3,4,4.65,4.55,,3,2.79,1.43,3.23,2.17,1.05,1.71,8,7,,,,,,,5,,5
Gehyra nana,42.07,8,10,F,5.92,,,,,5,,,,,,,,,,,,,,,,,,,,,
Gehyra nana,34.72,5,8,J,5.75,,,,,5,,,,,,,,,,,,,,,,,,,,,
Gehyra nana,37.19,7,9,F,4.59,,14.93,,3.97,4,4.4,4.38,,3,2.83,1.46,3.2,2,0.93,1.41,7,7,,,,,,,6,,6
Gehyra nana,46.69,9,11,F,6.61,,,,,6,,,,,,,,,,,,,,,,,,,,,
Gehyra nana,40.895,8,10,M,4.115,15,15.615,7.42,4.735,4,4.385,4.24,3,3,3.08,1.34,2.63,2.47,0.97,1.53,7,7,1,,,,,,6,,5
Gehyra nana,27.6,,,J,,,,,,,,,,,,,,,,,,,,,,,,,,,
Gehyra nana,44,,,M,,,,,,,,,,,,,,,,,,,,,,,,,,,
Gehyra nana,53.39,10,12,,,,,,,,,,,,,,,,,,,,,,,,,,,,
Gehyra nana,51.96,9,12,,,,,,,,,,,,,,,,,,,,,,,,,,,,
Gehyra nana,43.57,8,10,,,,,,,,,,,,,,,,,,,,,,,,,,,,
Gehyra nana,37.25,6,9,,,,,,,,,,,,,,,,,,,,,,,,,,,,
Gehyra nana,34.14,5,9,,,,,,,,,,,,,,,,,,,,,,,,,,,,
Gehyra nana,44.08,8,10,,,,,,,,,,,,,,,,,,,,,,,,,,,,
Gehyra nana,41.42,7,9,,,,,,,,,,,,,,,,,,,,,,,,,,,,
Gehyra nana,43.65,8,10,,,,,,,,,,,,,,,,,,,,,,,,,,,,
Gehyra nana,45.72,10,11,M,5.52,13,18.96,,4.78,5,4.94,4.99,,4,3.74,1.63,3.58,2.92,1.11,1.88,9,8,1,,,,,,6,,6
Gehyra nana,45.13,9,12,F,6.89,,,,,6,,,,,,,,,,,,,,,,,,,,,
Gehyra nana,41.6,7,9,M,,,,,,,,,,,,,,,,,,,,,,,,,,,
Gehyra nana,43.18,8,11,F,5.6,,14.64,,5.48,5,4.2,4.59,,3,2.95,1.33,3.28,2.67,1.04,1.7,8,7,,,,,,,6,,5
Gehyra nana,46.63,9,10,F,6,,,,,6,,,,,,,,,,,,,,,,,,,,,
Gehyra nana,41.66,9,12,M,4.88,,,,,4,,,,,,,,,,,,,,,,,,,,,
Gehyra nana,43.25,8,11,F,6.97,,,,,6,,,,,,,,,,,,,,,,,,,,,
Gehyra nana,45,9,11,,6.5,,,,,6,,,,,,,,,,,,,,,,,,,,,
Gehyra nana,45.8,10,11,,,,,,,,,,,,,,,,,,,,,,,,,,,,
Gehyra nana,47.5,10,11,M,5.7,,,,,5,,,,,,,,,,,,,,,,,,,,,
Gehyra nana,37,8,10,,5.3,,,,,5,,,,,,,,,,,,,,,,,,,,,
Gehyra nana,50.47,9,11,,,,,,,,,,,,,,,,,,,,,,,,,,,,
Gehyra nana,46.41,8,11,,,,,,,,,,,,,,,,,,,,,,,,,,,,
Gehyra nana,47.65,9,11,,,,,,,,,,,,,,,,,,,,,,,,,,,,
Gehyra nana,45.67,8,10,,,,,,,,,,,,,,,,,,,,,,,,,,,,
Gehyra nana,47.79,8,11,,,,,,,,,,,,,,,,,,,,,,,,,,,,
Gehyra nana,39.52,8,10,F,3.75,,14.2,,4.91,3,3.77,4.66,,3,2.79,1.16,2.5,2.32,0.79,1.62,9,8,,,,,,,7,,6
Gehyra nana,46.99,10,12,M,5.785,17,17.65,9.09,5.58,5,4.95,5.235,3,4,3.51,1.38,3.41,2.73,1.1,1.97,8,8,,,,,,2.92,7,,6
Gehyra nana,46.655,9,11,F,5.445,,18.66,8.56,5.705,5,5.17,4.86,3,4,3.82,1.55,2.92,2.96,0.89,1.83,8,7,1,,,,,3.22,7,,6
Gehyra nana,47.03,9,12,F,5.6,,20.46,,5.94,5,5.68,5.71,,4,3.59,1.52,3.55,3.09,1.01,1.84,9,8,,,,,,,6,,6
Gehyra nana,44.72,9,11,F,4.28,,19.61,,4.49,4,4.81,4.96,,3,2.95,1.25,2.91,3.02,1.13,1.58,8,9,1,,,,,,7,,6
Gehyra nana,46.47,9,12,M,5.36,16,17.95,,5.08,5,5.42,5.23,,4,3.44,1.66,3.67,3.12,1.19,1.73,9,8,,,,,,,6,,6
Gehyra nana,46.3,9,11,F,5.42,,18.89,,5.21,5,5.05,5.02,,3,3.85,1.63,3.8,2.73,1.28,1.83,8,9,,,,,,,6,,6
Gehyra nana,39.05,8,9,F,5.38,,15.15,,3.48,5,3.76,4.86,,3,3.08,0.9,4.24,2.16,0.98,1.59,9,8,1,,,,,,5,,5
Gehyra nana,42.18,8,10,M,4.035,12,15.72,8.14,4.775,4,4.035,4.385,3,3,2.87,1.44,3.27,2.65,1.13,1.76,7,6,,,,,,3.07,7,,6
Gehyra nana,45.125,9,11,M,5.255,16,18.965,9.03,4.725,5,5.325,4.775,4,3,3.49,1.51,3.16,2.77,1.09,1.54,7,7,1,,,,,2.72,6,,6
Gehyra nana,40.03,9,10,M,4.62,11,16.75,,4.72,4,4.86,4.5,,3,3.36,1.34,3.72,2.34,1.04,1.61,8,8,,,,,,,7,,6
Gehyra nana,41.91,9,11,M,5.07,14,16.21,,4.59,5,4.95,4.72,,3,3.3,1.69,3.16,2.84,1.01,1.82,8,8,1,,,,,,7,,6
Gehyra nana,35.64,7,8,F,3.56,,13.59,,3.71,3,3.96,4.04,,3,2.49,1.35,3.15,2.35,0.77,1.45,9,7,1,,,,,,7,,6
Gehyra nana,33.05,7,8,J,5.29,,,,,5,,,,,,,,,,,,,,,,,,,,,
Gehyra nana,42.86,8,10,F,3.85,,16.71,,4.89,3,4.32,4.62,,3,2.8,1.46,3,2.22,0.95,1.68,8,8,1,,,,,,6,,5
Gehyra nana,44.82,9,11,M,4.46,12,17.44,,3.75,4,4.37,4.64,,3,3.01,1.41,3.28,2.35,0.92,1.79,8,8,,,,,,,6,,5
Gehyra nana,43.55,10,11,M,4.22,14,16.9,,4.85,4,4.72,5.1,,3,3.49,1.4,2.61,2.88,1.11,1.94,9,8,1,,,,,,6,,6
Gehyra nana,44.22,9,12,F,4.48,,16.49,,4.49,4,4.33,4.58,,3,3.14,1.44,3.38,2.86,1.1,1.73,8,8,1,,,,,,6,,6
Gehyra nana,45.07,9,12,F,4.01,,17.42,,4.94,4,4.76,4.83,,3,2.78,1.47,3,2.9,1.06,1.75,8,9,1,,,,,,6,,6
Gehyra nana,51.57,9,12,,,,,,,,,,,,,,,,,,,,,,,,,,,,
Gehyra nana,49.77,9,11,,,,,,,,,,,,,,,,,,,,,,,,,,,,
Gehyra nana,40.94,7,9,,,,,,,,,,,,,,,,,,,,,,,,,,,,
Gehyra nana,45.9,9,11,,,,,,,,,,,,,,,,,,,,,,,,,,,,
Gehyra nana,41.46,10,7,,,,,,,,,,,,,,,,,,,,,,,,,,,,
Gehyra nana,44.93,8,10,,,,,,,,,,,,,,,,,,,,,,,,,,,,
Gehyra nana,39.86,7,11,,,,,,,,,,,,,,,,,,,,,,,,,,,,
Gehyra nana,45.14,8,10,,,,,,,,,,,,,,,,,,,,,,,,,,,,
Gehyra nana,45.23,7,11,,,,,,,,,,,,,,,,,,,,,,,,,,,,
Gehyra nana,52.16,9,12,,,,,,,,,,,,,,,,,,,,,,,,,,,,
Gehyra nana,34.47,6,8,,,,,,,,,,,,,,,,,,,,,,,,,,,,
Gehyra nana,55.6,9,13,,,,,,,,,,,,,,,,,,,,,,,,,,,,
Gehyra nana,54.97,10,12,,,,,,,,,,,,,,,,,,,,,,,,,,,,
Gehyra nana,38.9,8,9,F,4.31,,14.15,,4.47,4,4.6,4.31,,3,3.14,1.31,3.5,2.66,1.01,1.9,8,8,,,,,,,6,,6
Gehyra nana,45.07,10,11,F,6.01,,19.87,9.49,5.54,6,5.13,4.74,3,3,3.34,1.69,3.89,2.86,1.05,2,9,8,,,,,,2.87,7,,6
Gehyra nana,40.19,8,10,M,5.11,15,13.49,,4.12,5,4.19,4.34,,3,2.61,1.46,2.95,2.6,1.14,1.85,9,7,,,,,,,6,,6
Gehyra nana,39.23,8,9,M,4.65,15,16.26,,4.68,4,4.08,3.9,,3,3.05,1.09,2.43,2.5,0.82,1.37,7,8,,,,,,,6,,6
Gehyra nana,43.415,9,10,F,5.22,,17.24,8.72,5.015,5,4.505,4.335,3,3,3.25,1.59,3.3,2.73,1.13,1.67,8,7,,,,,,2.64,7,,6
Gehyra nana,39.76,8,10,M,5.05,21,17.2,,4.5,5,3.78,4.61,,3,2.5,1.63,3.01,2.81,1.07,1.49,7,7,1,,,,,,6,,
Gehyra nana,39.91,8,9,M,4.69,16,15.04,,4.95,4,4.84,4.07,,3,2.81,1.23,2.44,2.69,0.85,1.65,8,8,,,,,,,7,,6
Gehyra nana,35.02,,,J,,,,,,,,,,,,,,,,,,,,,,,,,,,
Gehyra nana,37.59,,,J,,,,,,,,,,,,,,,,,,,,,,,,,,,
Gehyra nana,43.03,8,10,M,5.45,,,,,5,,,,,,,,,,,,,,,,,,,,,
Gehyra nana,44.7,8,10,M,5.98,,,,,5,,,,,,,,,,,,,,,,,,,,,
Gehyra nana,41.74,8,10,F,5.24,,18.57,,4.32,5,4.47,4.86,,3,3.14,1.17,2.98,2.55,0.88,1.44,8,7,1,,,,,,6,,5
Gehyra nana,43,,,,,,,,,,,,,,,,,,,,,,,,,,,,,,
Gehyra nana,36.15,7,9,M,5.26,15,12.81,,4.6,5,3.89,4.67,,3,2.44,1.13,4.55,2.15,0.75,1.37,9,9,1,,,,,,6,,5
Gehyra nana,41.95,9,11,F,4.62,,16.59,7.95,4.87,4,4.725,4.745,3,3,3.21,1.48,3.06,2.64,1.03,1.82,8,8,,,,,,2.94,7,,6
Gehyra nana,39.83,8,10,F,4.72,,14.7,,4.72,4,5.03,4.5,,3,2.89,1.26,3.06,2.42,0.95,1.49,9,8,,,,,,,7,,6
Gehyra nana,35.66,8,8,M,3.95,,,,,3,,,,,,,,,,,,,,,,,,,,,
Gehyra nana,45.26,10,11,M,5.22,,,,,5,,,,,,,,,,,,,,,,,,,,,
Gehyra nana,37.05,7,11,M,5.29,,,,,5,,,,,,,,,,,,,,,,,,,,,
Gehyra nana,45.59,9,11,M,6.59,16,16.88,,5.19,6,5.28,5.33,,4,3.95,1.34,4.94,2.71,1.03,1.64,8,9,,,,,,,6,,6
Gehyra nana,44.23,9,12,F,6.54,,17.81,,4.66,6,4.86,5.74,,4,3.77,0.78,4.14,2.47,0.84,1.8,9,8,,,,,,,6,,6
Gehyra nana,44.485,8,11,F,4.99,,18.545,8.93,5.145,4,4.895,4.175,3,3,3.11,1.65,2.78,2.76,1.16,1.77,8,8,,,,,,2.88,6,,6
Gehyra nana,49.85,10,12,F,6.74,,20.28,,6.12,6,5.84,5.41,,4,4.19,1.62,4.02,3.14,1.13,1.9,9,6,,,,,,,6,,6
Gehyra nana,43.65,9,12,M,6.01,,,,,6,,,,,,,,,,,,,,,,,,,,,
Gehyra nana,52.52,10,13,M,7.005,17,19.845,9.64,5.63,7,4.77,5.515,3,4,4.56,1.48,4.94,2.36,1.33,1.81,9,8,,,,,,3.68,7,,6
Gehyra nana,42.145,8,10,M,5.15,17,15.99,7.61,4.245,5,4.645,4.69,3,4,3.16,1.56,4.22,2.52,,,,,,,,,,2.44,6,,5
Gehyra nana,37.15,7,10,F,4.17,,,,,4,,,,,,,,,,,,,,,,,,,,,
Gehyra nana,43.34,9,10,M,5.07,15,18.27,,4.32,5,5.03,4.46,,3,3.8,1.43,4.1,2.68,1.08,1.62,7,7,1,,,,,,7,,6
Gehyra nana,38.81,8,10,F,4.66,,16.31,,3.97,4,4.39,4.21,,3,2.93,1.47,3.28,2.58,0.95,1.66,8,7,1,,,,,,6,,6
Gehyra nana,47.07,9,9,M,3.98,16,18.34,,4.02,3,4.77,4.61,,3,2.56,1.63,3.66,2.87,1.2,1.68,8,7,1,,,,,,6,,5
Gehyra nana,48.87,10,13,M,6.225,18,18.39,9.41,4.815,6,5.3,5.26,3,4,3.34,1.64,3.88,3.02,1.04,1.99,9,8,,,,,,,7,,6
Gehyra nana,40.96,8,10,F,6.58,,,,,6,,,,,,,,,,,,,,,,,,,,,
Gehyra nana,39.76,8,10,F,4.97,,,,,4,,,,,,,,,,,,,,,,,,,,,
Gehyra nana,43.87,10,10,F,6.25,,,,,6,,,,,,,,,,,,,,,,,,,,,
Gehyra nana,41.15,7,12,F,5.72,,17.27,,4.5,5,3.8,4.53,,3,2.64,1.2,3.1,2.6,0.87,1.53,8,8,1,,,,,,7,,6
Gehyra nana,40.52,7,10,F,6.19,,15.74,,3.86,6,4.19,4.15,,3,3.13,1.21,2.98,2.29,0.99,1.62,8,8,1,,,,,,7,,6
Gehyra nana,48.82,10,12,F,6.035,,18.89,9.49,4.975,6,5.01,5.18,3,4,3.67,1.69,3.2,2.8,1.15,1.99,8,7,1,,,,,,7,,6
Gehyra nana,50.175,9,12,F,6.51,,20.81,9.72,5.055,6,5.035,5.49,3,4,3.57,1.53,2.85,2.94,1.03,2.1,8,7,,,,,,,7,,6
Gehyra nana,49.4,9,11,M,7.19,19,20.85,9.92,5.97,7,5.47,4.85,3,,,,,,,,,,,,,,,,7,,
Gehyra nana,29,,,J,,,,,,,,,,,,,,,,,,,,,,,,,,,
Gehyra nana,34,,,J,,,,,,,,,,,,,,,,,,,,,,,,,,,
Gehyra nana,50,,,F,,,,,,,,,,,,,,,,,,,,,,,,,,,
Gehyra nana,49,,,,,,,,,,,,,,,,,,,,,,,,,,,,,,
Gehyra nana,39.49,,,F,,,,,,,,,,,,,,,,,,,,,,,,,,,
Gehyra nana,46.64,9,11,F,6.25,,22.82,,5.11,6,5.25,5.1,,3,3.29,1.15,3.62,2.51,1.07,1.6,9,8,,,,,,,7,,7
Gehyra nana,50,,,M,,,,,,,,,,,,,,,,,,,,,,,,,,,
Gehyra nana,36,,,M,,,,,,,,,,,,,,,,,,,,,,,,,,,
Gehyra nana,44.905,9,11,M,5.355,18,16.795,9.32,4.865,5,4.745,4.76,3,3,3.4,1.41,3.63,2.61,1.01,1.64,7,7,,,,,,,6,,5
Gehyra nana,46.13,10,11,F,5.505,,18.805,9.73,4.855,5,4.17,5.035,3,4,3.47,1.61,3.62,2.7,1.09,1.68,8,6,1,,,,,,6,,6
Gehyra nana,43.81,9,10,M,5.625,16,16.515,9.36,5.19,5,4.15,4.645,3,3,2.8,1.37,3.62,2.66,1.16,1.85,7,7,1,,,,,,6,,6
Gehyra nana,48.24,9,11,M,5,20,23.09,,5.63,5,5.01,5.04,,4,3.69,1.34,3.66,2.74,0.76,1.79,,,,,,,,,6,,6
Gehyra nana,51.07,10,12,M,6.32,20,23.58,,4.71,6,5.46,5.36,,4,3.76,1.78,3.23,3.13,0.93,1.96,8,8,,,,,,,7,,6
Gehyra nana,49.13,9,11,M,5.6,,20.72,,5.53,5,5.97,5.33,,4,3.14,1.29,3.2,2.6,1.13,1.95,8,7,,,,,,,7,,6
Gehyra nana,35.94,8,10,F,5.49,,13.79,,3.92,5,4.52,4.81,,3,2.96,1.1,2.54,2.45,0.86,1.46,8,7,1,,,,,,7,,6
Gehyra nana,42.46,8,9,M,5.9,,,,,5,,,,,,,,,,,,,,,,,,,,,
Gehyra nana,39.33,8,9,M,5.14,,,,,5,,,,,,,,,,,,,,,,,,,,,
Gehyra nana,51.935,9,12,M,6.99,22,21.325,10.03,5.965,6,5,5.33,3,4,3.87,1.81,4.22,2.87,1.36,1.86,9,8,,,,,,,6,,6
Gehyra nana,41.91,7,10,F,7.17,,15.23,,4.17,7,3.12,3.39,,2,2.74,1.28,3.2,2.15,1.05,1.63,8,7,,,,,,,7,,5
Gehyra nana,43.23,6,12,M,5.63,,,,,5,,,,,,,,,,,,,,,,,,,,,
Gehyra nana,50.07,13,7,F,6.42,,,,,6,,,,,,,,,,,,,,,,,,,,,
Gehyra nana,46.46,14,7,M,6.21,,,,,6,,,,,,,,,,,,,,,,,,,,,
Gehyra nana,47.22,10,11,M,5.35,20,19.61,,4.59,5,4.64,5.22,,3,3.12,1.24,3.63,3.06,0.99,1.64,,,,,,,,,7,,6
Gehyra nana,39.7,8,10,F,6.06,,16.12,,4.89,6,4.07,4.42,,3,2.71,1.32,3.3,2.06,1.02,1.62,9,9,1,,,,,,6,,5
Gehyra nana,48,,,,,,,,,,,,,,,,,,,,,,,,,,,,,,
Gehyra nana,41,,,J,,,,,,,,,,,,,,,,,,,,,,,,,,,
Gehyra nana,48,,,,,,,,,,,,,,,,,,,,,,,,,,,,,,
Gehyra nana,35.6,7,9,F,4.42,,16.34,,4.37,4,4.47,4.25,,3,2.59,1.16,2.58,2.33,0.73,1.53,8,7,,,,,,,5,,5
Gehyra nana,43.92,9,11,F,5.85,,20.99,,4.93,5,4.87,5.09,,4,3.81,1.21,3.68,2.88,1.16,1.68,8,8,1,,,,,,7,,6
Gehyra nana,45,9,12,M,4.95,14,20.98,,5.13,4,6.03,5.29,,4,3.79,1.39,3.37,2.82,1.05,1.8,8,7,1,,,,,,6,,6
Gehyra nana,41.7,10,12,M,6.33,,,,,6,,,,,,,,,,,,,,,,,,,,,
Gehyra nana,43.55,9,10,M,4.02,13,16.61,,4.3,4,4.82,5.01,,3,3.52,1.41,3.73,2.73,1.15,1.75,8,7,1,,,,,,6,,5
Gehyra nana,42.59,9,10,F,5.37,,17.3,,4.82,5,4.38,5.19,,3,3.28,1.62,4.16,2.55,1.14,1.73,8,7,,,,,,,6,,5
Gehyra nana,41.5,8,10,M,5.42,15,13.96,,5.23,5,4.17,4.56,,3,2.97,1.14,3.32,2.45,,,8,8,1,,,,,,5,,5
Gehyra nana,37.335,7,9,J,4.37,14,15.12,7.26,3.945,4,4.385,3.875,3,3,3.04,1.26,2.59,2.27,0.77,1.43,7,8,,,,,,,7,,6
Gehyra nana,41,,,,,,,,,,,,,,,,,,,,,,,,,,,,,,
Gehyra nana,45,,,,,,,,,,,,,,,,,,,,,,,,,,,,,,
Gehyra nana,44.78,8,10,,,,,,,,,,,,,,,,,,,,,,,,,,,,
Gehyra nana,34.9,7,9,F,4.07,,13.42,,4.25,4,4.25,3.74,,3,2.49,1.16,2.59,2.36,0.65,1.31,8,8,,,,,,,6,,5
Gehyra nana,47.045,9,11,F,5.615,,18.855,9.35,5.38,5,5.095,4.79,3,3,3.16,1.35,2.29,2.54,1.18,1.79,8,8,1,,,,,,7,,6
Gehyra nana,38.285,7,9,M,5.315,13,13.915,7.71,4.29,5,3.79,4.25,3,3,2.84,1.55,2.87,2.39,0.88,1.56,7,7,1,,,,,,7,,6
Gehyra nana,38.835,7,9,J,5.05,,15.075,6.64,4.975,5,4.05,4.16,3,3,2.72,1.28,1.95,2.34,0.95,1.63,7,7,,,,,,,7,,6
Gehyra nana,43.51,9,10,M,4.79,16,16.68,,4.79,4,4.95,4.97,,3,2.79,1.56,2.91,2.6,1.02,1.75,7,7,,,,,,,6,,6
Gehyra nana,45.438,9,11,M,5.53,13,17.2,8.04,5.03,5,5.223,4.825,3,4,3.07,1.34,2.93,2.87,1.1,1.83,7,7,,,,,,,7,,6
Gehyra nana,26.3,,,,,,,,,,,,,,,,,,,,,,,,,,,,,,
Gehyra nana,55.8,,,,,,,,,,,,,,,,,,,,,,,,,,,,,,
Gehyra nana,40.43,7,9,F,6.4,,,,,6,,,,,,,,,,,,,,,,,,,,,
Gehyra nana,41.27,8,10,F,6.31,,16.22,,5.65,6,5.75,4.8,,3,3.38,1.22,3.41,2.58,0.6,1.85,,,,,,,,,5,,5
Gehyra nana,43.93,7,11,M,5.54,,,,,5,,,,,,,,,,,,,,,,,,,,,
Gehyra nana,47.3,10,11,F,6.77,,,,,6,,,,,,,,,,,,,,,,,,,,,
Gehyra nana,46.19,9,11,M,6.14,,,,,6,,,,,,,,,,,,,,,,,,,,,
Gehyra nana,46.16,8,10,F,6.34,,,,,6,,,,,,,,,,,,,,,,,,,,,
Gehyra nana,47.07,8,11,F,5.91,,,,,5,,,,,,,,,,,,,,,,,,,,,
Gehyra nana,42.26,8,9,M,6.1,,,,,6,,,,,,,,,,,,,,,,,,,,,
Gehyra nana,44.16,8,11,F,6.44,,,,,6,,,,,,,,,,,,,,,,,,,,,
Gehyra nana,39.25,8,10,,6.26,,,,,6,,,,,,,,,,,,,,,,,,,,,
Gehyra nana,44.51,9,11,M,6.97,,,,,6,,,,,,,,,,,,,,,,,,,,,
Gehyra nana,40.64,8,11,M,5.36,,,,,5,,,,,,,,,,,,,,,,,,,,,
Gehyra nana,33.61,7,9,J,6.02,,,,,6,,,,,,,,,,,,,,,,,,,,,
Gehyra nana,45.33,9,11,F,7.42,,,,,7,,,,,,,,,,,,,,,,,,,,,
Gehyra nana,36.02,,,J,,,,,,,,,,,,,,,,,,,,,,,,,,,
Gehyra nana,33.55,6,9,J,3.99,,,,,3,,,,,,,,,,,,,,,,,,,,,
Gehyra nana,24.32,5,,J,,,,,,,,,,,,,,,,,,,,,,,,,,,
Gehyra nana,44.94,9,11,F,6.63,,,,,6,,,,,,,,,,,,,,,,,,,,,
Gehyra nana,39.57,8,11,M,4.52,,,,,4,,,,,,,,,,,,,,,,,,,,,
Gehyra nana,39.01,8,10,F,4.83,,,,,4,,,,,,,,,,,,,,,,,,,,,
Gehyra nana,45.19,8,11,F,5.36,,,,,5,,,,,,,,,,,,,,,,,,,,,
Gehyra nana,44.55,8,11,M,4.52,,,,,4,,,,,,,,,,,,,,,,,,,,,
Gehyra nana,42.17,8,10,M,4.74,,,,,4,,,,,,,,,,,,,,,,,,,,,
Gehyra nana,41.04,8,10,F,4.98,,,,,4,,,,,,,,,,,,,,,,,,,,,
Gehyra nana,25.09,,,J,,,,,,,,,,,,,,,,,,,,,,,,,,,
Gehyra nana,40.68,8,10,J,5.91,,,,,5,,,,,,,,,,,,,,,,,,,,,
Gehyra nana,37.3,8,10,J,4.42,,,,,4,,,,,,,,,,,,,,,,,,,,,
Gehyra nana,47.46,10,12,M,7.3,,,,,7,,,,,,,,,,,,,,,,,,,,,
Gehyra nana,43.43,10,12,M,6.96,,,,,6,,,,,,,,,,,,,,,,,,,,,
Gehyra nana,45.7,8,11,M,6.94,,,,,6,,,,,,,,,,,,,,,,,,,,,
Gehyra nana,47.55,10,12,M,7.62,,,,,7,,,,,,,,,,,,,,,,,,,,,
Gehyra nana,41.11,9,10,M,5.3,,,,,5,,,,,,,,,,,,,,,,,,,,,
Gehyra nana,45.59,10,13,M,5.75,,,,,5,,,,,,,,,,,,,,,,,,,,,
Gehyra nana,45.92,9,11,M,4.71,15,16.18,,5.12,4,4.87,5.22,,3,3.8,1.68,3.45,2.91,1.22,1.78,7,7,1,,,,,,6,,5
Gehyra nana,47.51,10,12,M,5.34,,,,,5,,,,,,,,,,,,,,,,,,,,,
Gehyra nana,30.64,6,9,J,3.82,,,,,3,,,,,,,,,,,,,,,,,,,,,
Gehyra nana,41.5,9,10,,,,,,,,,,,,,,,,,,,,,,,,,,,,
Gehyra nana,48.7,10,10,,,,,,,,,,,,,,,,,,,,,,,,,,,,
Gehyra nana,35,7,9,,4.9,,,,,4,,,,,,,,,,,,,,,,,,,,,
Gehyra nana,47.53,9,11,F,6.07,,,,,6,,,,,,,,,,,,,,,,,,,,,
Gehyra nana,32.95,,,J,,,,,,,,,,,,,,,,,,,,,,,,,,,
Gehyra nana,31.93,6,,M,8.88,,,,,8,,,,,,,,,,,,,,,,,,,,,
Gehyra nana,38.61,8,9,F,,,,,,,,,,,,,,,,,,,,,,,,,,,
Gehyra nana,32.43,7,7,M,,,,,,,,,,,,,,,,,,,,,,,,,,,
Gehyra nana,34.25,6,8,F,5.33,,,,,5,,,,,,,,,,,,,,,,,,,,,
Gehyra nana,46.7,8,10,F,6.23,,,,,6,,,,,,,,,,,,,,,,,,,,,
Gehyra nana,41.49,8,10,M,5.27,,,,,5,,,,,,,,,,,,,,,,,,,,,
Gehyra nana,41,10,13,,,,,,,,,,,,,,,,,,,,,,,,,,,,
Gehyra nana,51.7,12,18,,,,,,,,,,,,,,,,,,,,,,,,,,,,
Gehyra nana,50.84,11,11,F,6.15,,,,,6,,,,,,,,,,,,,,,,,,,,,
Gehyra nana,50.07,7,13,M,6.5,,,,,6,,,,,,,,,,,,,,,,,,,,,
Gehyra nana,40.58,9,11,F,7.46,,,,,7,,,,,,,,,,,,,,,,,,,,,
Gehyra nana,38.01,8,10,M,5.04,,,,,5,,,,,,,,,,,,,,,,,,,,,
Gehyra nana,42.18,8,11,F,6.25,,,,,6,,,,,,,,,,,,,,,,,,,,,
Gehyra nana,43.68,8,11,F,6.88,,,,,6,,,,,,,,,,,,,,,,,,,,,
Gehyra nana,48.94,9,11,F,6.18,,,,,6,,,,,,,,,,,,,,,,,,,,,
Gehyra nana,47.76,10,11,F,6.74,,,,,6,,,,,,,,,,,,,,,,,,,,,
Gehyra nana,38.44,7,10,M,5.72,,,,,5,,,,,,,,,,,,,,,,,,,,,
Gehyra nana,44.67,9,11,F,4.62,,18.86,,4.41,4,4.44,4.75,,3,3.42,1.43,2.42,2.59,1.14,1.83,7,7,,,,,,,7,,6
Gehyra nana,44.12,8,10,M,6.68,,,,,6,,,,,,,,,,,,,,,,,,,,,
Gehyra nana,34.2,7,9,J,4.47,,,,,4,,,,,,,,,,,,,,,,,,,,,
Gehyra nana,32.06,7,9,J,4.48,,,,,4,,,,,,,,,,,,,,,,,,,,,
Gehyra nana,31.11,6,8,J,3.88,,,,,3,,,,,,,,,,,,,,,,,,,,,
Gehyra nana,37.23,8,9,M,5.34,,,,,5,,,,,,,,,,,,,,,,,,,,,
Gehyra nana,31.81,,,J,,,,,,,,,,,,,,,,,,,,,,,,,,,
Gehyra nana,43.12,9,10,M,4.09,15,14.92,,4.74,4,4.35,4.86,,3,3.17,1.65,2.91,2.61,1.11,1.66,7,7,,,,,,,7,,6
Gehyra nana,44.37,7,10,M,6.2,,,,,6,,,,,,,,,,,,,,,,,,,,,
Gehyra nana,33.14,6,8,J,5.21,,,,,5,,,,,,,,,,,,,,,,,,,,,
Gehyra nana,42.64,9,11,M,4.33,,,,,4,,,,,,,,,,,,,,,,,,,,,
Gehyra nana,41.84,9,10,M,6.34,,,,,6,,,,,,,,,,,,,,,,,,,,,
Gehyra nana,42.06,8,10,M,5.95,15,16.97,,4.68,5,4.79,4.73,,3,2.79,1.27,2.49,2.87,0.81,1.65,8,7,1,,,,,,6,,6
Gehyra nana,31.95,,,,,,,,,,,,,,,,,,,,,,,,,,,,,,
Gehyra nana,41.54,9,10,M,5.98,,,,,5,,,,,,,,,,,,,,,,,,,,,
Gehyra nana,42.84,9,10,M,7.17,,,,,7,,,,,,,,,,,,,,,,,,,,,
Gehyra occidentalis,65.59,13,15,M,9.84,27,27.18,12.53,8.6,9,8.08,6.41,5,,,,,,,,,,,,,,,5.2,9,,
Gehyra occidentalis,50.01,10,12,F,6.59,,21.07,9.2,5,6,6.16,4.92,4,,,,,,,,,,,,,,,3.18,7,,
Gehyra occidentalis,46.8,9,12,J,7.19,,18.93,8.77,6.78,7,6.72,5.05,4,,,,,,,,,,,,,,,3.89,9,,
Gehyra occidentalis,60.41,12,15,M,9,28,24.53,11.5,8.06,9,8.38,6.56,5,,,,,,,,,,,,,,,4.5,9,,
Gehyra occidentalis,64.19,13,16,F,9.15,,27.31,11.71,8.79,9,8.8,6.6,6,,,,,,,,,,,,,,,5.32,8,,
Gehyra occidentalis,55.47,11,14,M,7.73,23,22.66,10.25,6.99,7,6.16,5.68,4,,,,,,,,,,,,,,,4.16,8,,
Gehyra occidentalis,63.25,13,15,F,8.85,,25.83,12.83,8.15,8,7.46,6.54,5,,,,,,,,,,,,,,,4.75,9,,
Gehyra occidentalis,59.98,12,15,F,9.04,,23.86,11.57,8.54,9,6.42,6.36,5,,,,,,,,,,,,,,,5.1,8,,
Gehyra occidentalis,61.3,13,15,F,6.81,,25.24,,8.09,6,6.57,6.82,,5,3.87,1.72,4.07,4.4,1.77,2.2,9,9,,,,,,,10,,9
Gehyra occidentalis,65.47,13,15,M,8.29,24,27.17,,7.93,8,7.31,7.07,,6,4.86,1.95,4.36,3.81,1.43,2.44,10,9,1,,,,,,10,,10
Gehyra occidentalis,74.92,15,17,F,7.98,,33.52,,9.05,7,7.9,7.87,,6,5.4,2.36,4.71,4.3,1.48,2.53,10,9,1,,,,,,10,,9
Gehyra occidentalis,59.26,12,14,F,7.47,,22.06,,6.52,7,6.08,6.18,,4,3.78,1.29,3.69,3.33,1.25,1.76,8,9,,,,,,,9,,8
Gehyra occidentalis,58.48,12,15,F,7.24,,22.63,,7.71,7,7.33,6.48,,5,4.17,1.52,3.9,3.95,1.16,2.01,8,9,,,,,,,9,,8
Gehyra occidentalis,62,12,15,M,7.13,18,25.5,,7,7,7.03,6.89,,5,4.26,1.94,4.21,3.63,1.31,2.18,10,10,1,,,,,,9,,8
Gehyra occidentalis,64.665,13,15,M,8.75,25,27.58,11.5,8.21,8,7.39,6.55,5,5,4.26,1.84,4.51,4.01,1.55,2.37,8,8,1,,,,,,9,,7
Gehyra occidentalis,59.47,12,14,F,6.61,,26.24,,6.93,6,6.48,6.27,,5,4.14,1.9,3.82,3.43,1.31,2.15,9,9,1,,,,,,9,,8
Gehyra occidentalis,64.74,12,16,F,7.73,,25.02,,7.63,7,7.35,7.09,,6,4.49,1.74,5.36,3.87,1.32,2.05,9,8,1,,,,,,9,,8
Gehyra occidentalis,57.85,12,15,F,6.61,,21.4,,6.18,6,7.09,6.51,,5,4.19,1.85,3.4,3.33,1.42,1.9,10,9,1,,,,,,9,,8
Gehyra occidentalis,67.26,13,15,M,8.885,22,29.965,12.52,7.875,8,7.4,6.685,5,6,4.35,1.87,4.49,3.74,1.65,2.45,9,9,1,,,,,,9,,8
Gehyra occidentalis,63.27,13,15,M,5.91,18,24.46,,6.76,5,6.43,6.59,,5,4.3,1.78,4.47,3.75,1.21,2.14,9,9,1,,,,,,8,,8
Gehyra occidentalis,72,,,,,,,,,,,,,,,,,,,,,,,,,,,,,,
Gehyra occidentalis,59.08,12,14,F,6,,24.35,,6.95,6,6.43,6.25,,4,3.47,1.67,3.98,3.43,1.38,2.09,10,9,,,,,,,8,,7
Gehyra occidentalis,44.86,9,11,F,6.41,,17.65,,4.5,6,4.24,5.11,,4,2.99,1.25,2.6,2.57,1.04,1.53,9,9,,,,,,,9,,7
Gehyra occidentalis,67.41,13,15,F,9.2,,,,,9,,,,,,,,,,,,,,,,,,,,,
Gehyra occidentalis,27.71,,,J,,,,,,,,,,,,,,,,,,,,,,,,,,,
Gehyra occidentalis,61.96,12,13,M,9.83,,,,,9,,,,,,,,,,,,,,,,,,,,,
Gehyra occidentalis,62.17,12,15,M,9.35,,,,,9,,,,,,,,,,,,,,,,,,,,,
Gehyra occidentalis,58.82,14,14,M,9.01,,,,,9,,,,,,,,,,,,,,,,,,,,,
Gehyra occidentalis,64.32,13,15,M,8.76,,,,,8,,,,,,,,,,,,,,,,,,,,,
Gehyra occidentalis,59.5,12,14,M,7.91,,,,,7,,,,,,,,,,,,,,,,,,,,,
Gehyra occidentalis,67.5,13,15,M,10.67,,,,,10,,,,,,,,,,,,,,,,,,,,,
Gehyra occidentalis,64.09,13,15,M,11.21,,,,,11,,,,,,,,,,,,,,,,,,,,,
Gehyra occidentalis,61.13,13,15,F,9.75,,,,,9,,,,,,,,,,,,,,,,,,,,,
Gehyra occidentalis,61.41,12,14,F,9.66,,,,,9,,,,,,,,,,,,,,,,,,,,,
Gehyra occidentalis,61.46,11,14,F,9.76,,,,,9,,,,,,,,,,,,,,,,,,,,,
Gehyra occidentalis,65.51,13,16,F,10.32,,,,,10,,,,,,,,,,,,,,,,,,,,,
Gehyra occidentalis,64.64,12,15,F,9.7,,,,,9,,,,,,,,,,,,,,,,,,,,,
Gehyra occidentalis,49.82,10,11,F,6.78,,17.26,,5.88,6,4.76,5.52,,4,3.58,1.68,4.3,2.78,1.11,1.85,9,8,,,,,,,9,,8
Gehyra occidentalis,65.85,12,14,F,8.56,,,,,8,,,,,,,,,,,,,,,,,,,,,
Gehyra occidentalis,62.69,13,14,M,8.53,,,,,8,,,,,,,,,,,,,,,,,,,,,
Gehyra occidentalis,61.12,13,14,M,10.18,,,,,10,,,,,,,,,,,,,,,,,,,,,
Gehyra occidentalis,65.82,13,17,F,10.99,,,,,10,,,,,,,,,,,,,,,,,,,,,
Gehyra occidentalis,50.71,10,11,F,8.01,,,,,8,,,,,,,,,,,,,,,,,,,,,
Gehyra occidentalis,64.84,13,15,F,10.25,,,,,10,,,,,,,,,,,,,,,,,,,,,
Gehyra occidentalis,66.84,13,13,M,9.71,,,,,9,,,,,,,,,,,,,,,,,,,,,
Gehyra occidentalis,62.18,13,13,M,10.05,,,,,10,,,,,,,,,,,,,,,,,,,,,
Gehyra occidentalis,40.63,8,11,M,6.32,,16.27,,4.74,6,4.32,4.69,,4,2.8,1.63,3.77,2.34,0.74,1.72,9,8,,,,,,,9,,8
Gehyra occidentalis,61.84,12,14,F,9.5,,,,,9,,,,,,,,,,,,,,,,,,,,,
Gehyra occidentalis,63.49,12,14,M,9.35,,,,,9,,,,,,,,,,,,,,,,,,,,,
Gehyra occidentalis,41.65,8,10,F,6.4,,,,,6,,,,,,,,,,,,,,,,,,,,,
Gehyra occidentalis,58.33,11,14,F,8.39,,,,,8,,,,,,,,,,,,,,,,,,,,,
Gehyra occidentalis,68.71,13,15,M,10.01,,,,,10,,,,,,,,,,,,,,,,,,,,,
Gehyra occidentalis,42.42,8,10,F,6.46,,17.72,,5.1,6,4.17,4.65,,3,3.93,1.53,4.02,2.27,1.1,1.56,9,8,1,,,,,,8,,7
Gehyra occidentalis,60.4,14,16,M,9.89,,,,,9,,,,,,,,,,,,,,,,,,,,,
Gehyra occidentalis,60.27,12,16,F,9.77,,,,,9,,,,,,,,,,,,,,,,,,,,,
Gehyra occidentalis,58.77,12,12,F,8.95,,,,,8,,,,,,,,,,,,,,,,,,,,,
Gehyra occidentalis,59.7,12,14,F,8.96,,,,,8,,,,,,,,,,,,,,,,,,,,,
Gehyra occidentalis,63.91,13,15,F,9.02,,,,,9,,,,,,,,,,,,,,,,,,,,,
Gehyra occidentalis,55.74,11,14,F,8.43,,,,,8,,,,,,,,,,,,,,,,,,,,,
Gehyra occidentalis,60.71,12,14,F,8.42,,,,,8,,,,,,,,,,,,,,,,,,,,,
Gehyra occidentalis,56.83,11,13,M,8.46,,,,,8,,,,,,,,,,,,,,,,,,,,,
Gehyra occidentalis,54.75,12,13,M,8.46,,,,,8,,,,,,,,,,,,,,,,,,,,,
Gehyra occidentalis,54.79,12,13,F,8.67,,,,,8,,,,,,,,,,,,,,,,,,,,,
Gehyra occidentalis,55.76,12,13,F,8.45,,,,,8,,,,,,,,,,,,,,,,,,,,,
Gehyra occidentalis,42.99,8,11,M,6.28,,,,,6,,,,,,,,,,,,,,,,,,,,,
Gehyra occidentalis,54.69,11,13,M,8.52,,,,,8,,,,,,,,,,,,,,,,,,,,,
Gehyra occidentalis,57.68,11,13,F,8.61,,,,,8,,,,,,,,,,,,,,,,,,,,,
Gehyra occidentalis,61.7,13,14,F,9.29,,,,,9,,,,,,,,,,,,,,,,,,,,,
Gehyra occidentalis,56.93,12,13,F,9.31,,,,,9,,,,,,,,,,,,,,,,,,,,,
Gehyra occidentalis,64.11,12,15,M,9.44,,,,,9,,,,,,,,,,,,,,,,,,,,,
Gehyra occidentalis,56.66,12,14,F,8.91,,,,,8,,,,,,,,,,,,,,,,,,,,,
Gehyra occidentalis,56.35,11,13,M,8.35,,,,,8,,,,,,,,,,,,,,,,,,,,,
Gehyra occidentalis,59.66,13,15,M,9.36,,,,,9,,,,,,,,,,,,,,,,,,,,,
Gehyra occidentalis,59.59,12,14,M,8.04,,,,,8,,,,,,,,,,,,,,,,,,,,,
Gehyra occidentalis,58.26,11,13,F,8.45,,,,,8,,,,,,,,,,,,,,,,,,,,,
Gehyra occidentalis,38.91,8,10,J,6.29,,,,,6,,,,,,,,,,,,,,,,,,,,,
Gehyra occidentalis,65.74,12,15,F,9.58,,,,,9,,,,,,,,,,,,,,,,,,,,,
Gehyra occidentalis,57.3,11,13,F,8.43,,,,,8,,,,,,,,,,,,,,,,,,,,,
Gehyra occidentalis,64.9,12,15,M,8.83,30,27.48,10.25,7.63,8,6.7,6.19,4,,,,,,,,,,,,,,,6.08,8,,
Gehyra occidentalis,61.91,13,15,M,8.18,,,,,8,,,,,,,,,,,,,,,,,,,,,
Gehyra occidentalis,67.79,13,17,M,9.78,,,,,9,,,,,,,,,,,,,,,,,,,,,
Gehyra occidentalis,65.97,12,15,F,9.1,,,,,9,,,,,,,,,,,,,,,,,,,,,
Gehyra occidentalis,65,,,,,,,,,,,,,,,,,,,,,,,,,,,,,,
Gehyra occidentalis,61.075,12,15,M,7.89,30,25.585,11.69,7.745,7,6.695,6.53,4,5,4.52,1.85,4.41,3.6,1.27,1.93,9,9,2,,,,,,8,,8
Gehyra occidentalis,63.995,13,16,M,9.715,23,28.2,11.59,8.37,9,7.44,6.865,5,5,4.92,1.7,4.27,3.92,1.74,1.95,8,8,1,,,,,,9,,8
Gehyra occidentalis,46.98,9,12,F,5.47,,20.97,,5.26,5,5.19,5.13,,4,2.93,1.28,3.14,2.99,1.16,1.87,9,9,1,,,,,,8,,8
Gehyra occidentalis,46.58,9,12,M,6.97,21,18.05,8.93,6.94,6,5.81,4.89,3,,,,,,,,,,,,,,,3.17,7,,
Gehyra occidentalis,62.77,12,15,F,8.74,,,,,8,,,,,,,,,,,,,,,,,,,,,
Gehyra occidentalis,61.39,11,14,F,8.42,,,,,8,,,,,,,,,,,,,,,,,,,,,
Gehyra occidentalis,59.97,11,13,F,8.43,,,,,8,,,,,,,,,,,,,,,,,,,,,
Gehyra occidentalis,76,,,,,,,,,,,,,,,,,,,,,,,,,,,,,,
Gehyra occidentalis,75,,,,,,,,,,,,,,,,,,,,,,,,,,,,,,
Gehyra paranana,57.11,11,14,F,7.97,,,,,7,,,,,,,,,,,,,,,,,,,,,
Gehyra paranana,48.93,9,12,F,7.28,,18.845,8.62,5.59,7,4.955,5.345,3,4,3.77,1.11,3.44,3,1.17,1.98,7,7,1,,,,,,7,,6
Gehyra paranana,45.73,9,11,J,6.635,14,17.965,8.42,5.47,6,4.515,5.6,3,4,3.87,1.72,4.74,2.82,1.06,1.84,7,8,1,,,,,,7,,6
Gehyra paranana,53.69,10,12,F,6.795,,21.595,9.55,6.295,6,5.57,5.51,3,4,3.4,1.5,3.27,3.03,1.17,2.32,8,7,,,,,,,7,,6
Gehyra paranana,48.62,9,12,F,6.73,,19.86,8.73,6.03,6,5.05,5.12,3,,,,,,,,,,,,,,,,7,,
Gehyra paranana,54.185,10,13,M,6.93,16,22.495,9.87,6.05,6,5.965,5.55,3,4,4.07,1.68,3.44,3.4,1.42,2.3,9,8,2,,,,,,7,,6
Gehyra paranana,43.83,8,11,M,5.94,14,16.785,7.98,5.43,5,4.63,4.665,3,4,2.93,1.45,3.33,2.26,0.9,1.79,8,8,1,,,,,,7,,6
Gehyra paranana,53.715,11,13,F,6.39,,23.84,9.94,6.25,6,5.835,5.66,4,4,4.27,1.79,3.35,3.23,1.04,1.96,7,8,1,,,,,,7,,6
Gehyra paranana,42.82,8,10,F,5.43,,16.54,,4.15,5,4.32,4.8,,3,3.19,1.64,3.47,2.94,1.01,1.73,9,9,1,,,,,,7,,6
Gehyra paranana,53.52,10,12,M,6.095,15,22.005,10.55,5.79,6,5.63,5.49,3,4,3.67,1.78,4.13,3.23,1.05,1.96,9,8,1,,,,,,7,,6
Gehyra paranana,50.865,10,12,M,6.275,19,20.045,9.98,5.38,6,5.41,5.255,3,4,3.88,1.85,3.67,3.23,1.04,1.9,9,7,1,,,,,,7,,6
Gehyra paranana,38.58,8,10,J,6.03,,,,,6,,,,,,,,,,,,,,,,,,,,,
Gehyra paranana,54.47,11,13,F,6.91,,,,,6,,,,,,,,,,,,,,,,,,,,,
Gehyra paranana,54.92,11,13,F,7.01,,,,,7,,,,,,,,,,,,,,,,,,,,,
Gehyra paranana,54.565,11,13,F,6.58,,22.57,10.13,5.25,6,5.77,5.61,4,4,3.99,1.72,3.97,3.06,1.46,1.91,8,8,1,,,,,,8,,6
Gehyra paranana,44.8,10,12,,,,,,,,,,,,,,,,,,,,,,,,,,,,
Gehyra paranana,37.26,7,10,,,,,,,,,,,,,,,,,,,,,,,,,,,,
Gehyra paranana,50.84,10,13,,,,,,,,,,,,,,,,,,,,,,,,,,,,
Gehyra paranana,36.6,8,9,J,4.26,,,,,4,,,,,,,,,,,,,,,,,,,,,
Gehyra paranana,53.08,10,12,,,,,,,,,,,,,,,,,,,,,,,,,,,,
Gehyra paranana,52.51,10,14,,,,,,,,,,,,,,,,,,,,,,,,,,,,
Gehyra paranana,53.76,9,13,,,,,,,,,,,,,,,,,,,,,,,,,,,,
Gehyra pluraporosa,42.98,8,9,M,5.235,26,17.865,7.36,4.54,5,4.415,3.98,3,3,2.62,0.97,4.09,2.38,1.04,1.65,9,7,1,,,,,,6,,5
Gehyra pluraporosa,38.55,8,9,F,3.65,,,,3.61,3,3.63,4.15,,3,2.41,1.23,3.63,2.29,0.95,1.58,7,7,1,,,,,,7,,6
Gehyra pluraporosa,46.29,9,10,F,3.94,,15.65,,4.12,3,4.39,4.76,,3,2.93,1.58,3.36,2.61,1.2,1.84,7,7,,,,,,,6,,6
Gehyra pluraporosa,42.76,8,10,M,3.8,26,17.77,,3.96,3,4,4.53,,3,2.61,1.55,3.3,2.68,1.1,1.67,7,7,1,,,,,,7,,6
Gehyra pluraporosa,44.73,9,10,F,4.16,,18.82,,4.04,4,4.05,4.38,,3,2.53,1.58,3.65,2.35,1.06,1.72,7,6,1,,,,,,6,,5
Gehyra pseudopunctata,56.06,11,13,F,7.22,,20.72,,5.15,7,5.73,5.99,,4,3.62,1.32,3.72,3.26,1.12,2.04,9,8,1,,,,,,7,,7
Gehyra pseudopunctata,56.07,12,14,M,6.34,7,24.37,,6.42,6,5.19,5.9,,4,4.28,1.7,4.2,3.28,1.29,1.88,9,8,1,,,,,,8,,7
Gehyra pseudopunctata,52.44,9,12,M,6.53,10,20.96,8.88,6.125,6,4.88,5.14,3,4,3.65,1.55,3.17,2.74,1.05,1.62,8,8,,,,,,,7,,6
Gehyra pseudopunctata,53.64,12,13,M,9.28,,,,,9,,,,,,,,,,,,,,,,,,,,,
Gehyra pseudopunctata,55.175,10,14,M,8.11,9,22.54,10.01,6.635,8,5.41,5.585,3,4,3.75,1.6,5.06,2.8,1.1,2.13,7,6,,,,,,,8,,5
Gehyra pseudopunctata,55.61,11,13,M,8.165,10,21.405,10.61,6.57,8,5.13,6.09,3,4,5.02,1.6,4.88,3.17,1.21,2.03,8,7,,,,,,,8,,7
Gehyra pseudopunctata,49.38,10,13,M,7.38,,,,,7,,,,,,,,,,,,,,,,,,,,,
Gehyra pseudopunctata,46.62,9,11,J,6.91,8,19.395,9.08,5.38,6,4.365,5.015,3,4,3.94,1.42,3.27,2.71,1.08,1.88,8,6,,,,,,,6,,6
Gehyra pseudopunctata,47.475,9,11,F,6.385,,20.755,9.3,5.34,6,5.035,4.655,3,3,3.41,1.28,3.43,2.5,0.99,1.87,8,7,,,,,,,7,,6
Gehyra pseudopunctata,57.2,10,13,F,8.14,,,,,8,,,,,,,,,,,,,,,,,,,,,
Gehyra pseudopunctata,49.5,8,11,F,7.56,,,,,7,,,,,,,,,,,,,,,,,,,,,
Gehyra pseudopunctata,58.27,10,13,M,8.08,7,25.26,10.97,7.4,8,5.6,5.59,4,,,,,,,,,,,,,,,,8,,
Gehyra pseudopunctata,58.06,11,12,F,7.29,,25.335,10.75,7.08,7,5.245,5.88,3,4,3.39,1.43,4.11,2.96,1.3,2.02,8,7,,,,,,,8,,7
Gehyra pseudopunctata,56.86,12,14,M,6.46,7,25.86,,7.16,6,6.17,6.28,,4,4.38,1.26,4.2,3.16,1.22,2.09,8,9,,,,,,,8,,7
Gehyra pseudopunctata,57.24,11,12,M,8.23,7,23.96,10.4,6.755,8,5.695,5.845,4,4,3.67,1.68,3.58,3.22,1.25,1.92,8,8,,,,,,,8,,7
Gehyra pseudopunctata,54.805,11,12,M,7.475,8,22.325,10.61,6.91,7,5.575,5.575,4,5,3.91,1.77,4.49,3.15,1.32,2.07,9,7,,,,,,,8,,7
Gehyra pseudopunctata,52.82,9,12,F,7.225,,24.11,9.2,6.985,7,4.585,5.04,3,4,3.16,1.37,3.31,2.89,1.04,2.01,9,9,,,,,,,7,,7
Gehyra spheniscus,45.18,8,12,M,6.37,28,19.32,7.89,5.96,6,5.25,5.21,4,,,,,,,,,,,,,,,,6,3,
Gehyra spheniscus,41.33,8,11,J,6,,16.89,7.51,5.63,6,4.78,4.88,3,,,,,,,,,,,,,,,,7,3,
Gehyra spheniscus,37.41,8,10,J,5.51,,15.05,6.96,5.13,5,3.9,4.6,2,,,,,,,,,,,,,,,,7,3,
Gehyra spheniscus,43.26,9,10,M,6.49,,,,,6,,,,,,,,,,,,,,,,,,,,,
Gehyra spheniscus,43.94,8,11,M,5.97,25,18.06,8.05,5.17,5,5.04,4.62,3,,,,,,,,,,,,,,,,6,3,
Gehyra spheniscus,43.37,8,11,M,6.17,27,17.37,8.02,5.36,6,5.04,4.86,3,,,,,,,,,,,,,,,,7,3,
Gehyra spheniscus,42.49,8,11,J,6.45,,16.6,7.83,5.65,6,5.02,5.05,3,,,,,,,,,,,,,,,,7,3,
Gehyra spheniscus,43.81,8,11,M,5.89,24,17.9,7.42,5.01,5,4.58,4.69,3,,,,,,,,,,,,,,,,7,3,
Gehyra spheniscus,42.33,8,11,F,5.74,,16.66,8.04,5.44,5,4.5,5.08,3,,,,,,,,,,,,,,,,6,3,
Gehyra spheniscus,43.96,8,10,F,5.96,,17,7.78,5.37,5,4.49,4.67,3,,,,,,,,,,,,,,,,7,3,
Gehyra spheniscus,45.68,8,11,F,5.98,,19.18,7.93,5.57,5,5.24,4.95,3,,,,,,,,,,,,,,,,7,3,
Gehyra spheniscus,45.22,8,11,F,6.36,,18.79,8.42,5.61,6,4.82,5,3,,,,,,,,,,,,,,,,7,3,
Gehyra spheniscus,45.9,9,11,F,6.25,,19.17,8.45,5.73,6,5.37,4.67,4,,,,,,,,,,,,,,,,8,3,
Gehyra spheniscus,43.04,8,11,F,6.1,,15.76,7.92,5.86,6,4.35,5.03,3,,,,,,,,,,,,,,,1.85,7,3,
Gehyra spheniscus,42.97,9,11,J,7.12,17,16.79,8.06,5.5,7,5.17,5.09,3,,,,,,,,,,,,,,,2.66,7,3,
Gehyra spheniscus,44.8,8,11,M,6.19,21,17.99,8.1,5.43,6,4.63,5.05,3,,,,,,,,,,,,,,,,7,3,
Gehyra spheniscus,41.99,8,10,M,6.3,24,16.78,6.97,5.74,6,4.87,4.63,3,,,,,,,,,,,,,,,,7,3,
Gehyra spheniscus,43.43,8,10,M,6.46,27,17.1,8.13,5.99,6,4.73,4.64,3,,,,,,,,,,,,,,,,7,3,
Gehyra xenopus,52,,,J,,,,,,,,,,,,,,,,,,,,,,,,,,,
Gehyra xenopus,74,,,M,,,,,,,,,,,,,,,,,,,,,,,,,,,
Gehyra xenopus,72,,,M,,,,,,,,,,,,,,,,,,,,,,,,,,,
Gehyra xenopus,63,,,F,,,,,,,,,,,,,,,,,,,,,,,,,,,
Gehyra xenopus,41.94,8,10,F,5.67,,,,,5,,,,,,,,,,,,,,,,,,,,,
Gehyra xenopus,45.48,9,10,,6.55,,,,,6,,,,,,,,,,,,,,,,,,,,,
Gehyra xenopus,72.78,13,16,M,9.4,,,,,9,,,,,,,,,,,,,,,,,,,,,
Gehyra xenopus,53.26,10,11,F,7.68,,,,,7,,,,,,,,,,,,,,,,,,,,,
Gehyra xenopus,53.32,9,11,,6.4,,,,,6,,,,,,,,,,,,,,,,,,,,,
Gehyra xenopus,68.92,13,15,F,8.91,,,,,8,,,,,,,,,,,,,,,,,,,,,
Gehyra xenopus,76.13,13,15,F,8.69,,,,,8,,,,,,,,,,,,,,,,,,,,,
Gehyra xenopus,73,,,F,,,,,,,,,,,,,,,,,,,,,,,,,,,
Gehyra xenopus,77,,,F,,,,,,,,,,,,,,,,,,,,,,,,,,,
Gehyra xenopus,67,,,F,,,,,,,,,,,,,,,,,,,,,,,,,,,
Gehyra xenopus,75,,,F,,,,,,,,,,,,,,,,,,,,,,,,,,,
Gehyra xenopus,74,,,F,,,,,,,,,,,,,,,,,,,,,,,,,,,
Gehyra xenopus,66,,,F,,,,,,,,,,,,,,,,,,,,,,,,,,,
Gehyra xenopus,31,,,J,,,,,,,,,,,,,,,,,,,,,,,,,,,
Gehyra xenopus,60,,,,,,,,,,,,,,,,,,,,,,,,,,,,,,
Gehyra xenopus,71.47,12,17,F,10.4,,,,,10,,,,,,,,,,,,,,,,,,,,,
Gehyra xenopus,42,,,J,,,,,,,,,,,,,,,,,,,,,,,,,,,
Gehyra xenopus,71.66,12,17,F,10.71,,,,,10,,,,,,,,,,,,,,,,,,,,,
Gehyra xenopus,67.16,13,16,F,10.98,,,,,10,,,,,,,,,,,,,,,,,,,,,
Gehyra xenopus,59.97,11,14,J,10.47,,,,,10,,,,,,,,,,,,,,,,,,,,,
Gehyra xenopus,77,14,19,F,11.97,,,,,11,,,,,,,,,,,,,,,,,,,,,
Gehyra xenopus,65.83,17,13,M,9.73,,,,,9,,,,,,,,,,,,,,,,,,,,,
Gehyra xenopus,80.41,14,20,M,13.16,,,,,13,,,,,,,,,,,,,,,,,,,,,
Gehyra xenopus,74.48,15,18,F,13.11,,,,,13,,,,,,,,,,,,,,,,,,,,,
Gehyra xenopus,80.29,16,19,F,12.6,,,,,12,,,,,,,,,,,,,,,,,,,,,