species,latitude,longitude,specimen_local_id,map_species
Gehyra cfoccidentalis,-17.558272,125.098489,90534,cf occidentalis
Gehyra cfoccidentalis,-17.91245,125.28265,90616,cf occidentalis
Gehyra cfoccidentalis,-17.91662,125.3024,90617,cf occidentalis
Gehyra cfoccidentalis,-17.86138,125.33833,90618,cf occidentalis
Gehyra cfoccidentalis,-17.60777778,125.1455556,90619,cf occidentalis
Gehyra cfoccidentalis,-18.103889,125.701667,90632,cf occidentalis
Gehyra cfoccidentalis,-17.90913,125.28525,37907,cf occidentalis
Gehyra cfoccidentalis,-17.6945,125.1436,53555,cf occidentalis
Gehyra cfoccidentalis,-17.69424,125.14295,53560,cf occidentalis
Gehyra cfoccidentalis,-17.69452,125.14363,53566,cf occidentalis
Gehyra cfoccidentalis,-17.69504,125.14426,53567,cf occidentalis
Gehyra cfoccidentalis,-17.69529,125.14397,55159,cf occidentalis
Gehyra cfoccidentalis,-17.69499,125.14423,55160,cf occidentalis
Gehyra cfoccidentalis,-17.6748,125.0704,90533,cf occidentalis
Gehyra cfoccidentalis,-18.02674,125.54425,90626,cf occidentalis
Gehyra cfoccidentalis,-18.03091,125.5415,90631,cf occidentalis
Gehyra cfoccidentalis,-18.02746,125.54417,93785,cf occidentalis
Gehyra cfoccidentalis,-18.1063,125.68967,93788,cf occidentalis
Gehyra cfoccidentalis,-18.1064,125.6899,93790,cf occidentalis
Gehyra cfoccidentalis,-18.02729,125.54383,93791,cf occidentalis
Gehyra cfoccidentalis,-18.02732,125.54452,93797,cf occidentalis
Gehyra cfoccidentalis,-18.0272,125.54402,93812,cf occidentalis
Gehyra cfoccidentalis,-18.1048,125.6919,93817,cf occidentalis
Gehyra cfoccidentalis,-17.9173,125.3029,93824,cf occidentalis
Gehyra cfoccidentalis,-18.10466,125.70127,93826,cf occidentalis
Gehyra cfoccidentalis,-17.69439,125.14464,93827,cf occidentalis
Gehyra cfoccidentalis,-17.69514,125.14427,93829,cf occidentalis
Gehyra cfoccidentalis,-17.69423,125.14299,93833,cf occidentalis
Gehyra cfoccidentalis,-17.47945,125.02886,93834,cf occidentalis
Gehyra cfoccidentalis,-17.6949,125.1442,93837,cf occidentalis
Gehyra cfoccidentalis,-18.10642,125.68745,93838,cf occidentalis
Gehyra girloorloo,-18.75,126.15,93842,girloorloo
Gehyra girloorloo,-18.75097,126.08003,96860,girloorloo
Gehyra girloorloo,-18.61407,126.08386,96861,girloorloo
Gehyra girloorloo,-18.61454,126.08339,96890,girloorloo
Gehyra girloorloo,-18.73717,126.09333,102016,girloorloo
Gehyra girloorloo,-18.3272,125.765,102017,girloorloo
Gehyra girloorloo,-18.3352,125.7524,38257,girloorloo
Gehyra girloorloo,-18.4044,125.837,38270,girloorloo
Gehyra girloorloo,-18.391,125.84,38274,girloorloo
Gehyra girloorloo,-18.5149,125.9256,38275,girloorloo
Gehyra girloorloo,-18.34298,125.74506,38279,girloorloo
Gehyra girloorloo,18.36966,125.73631,93779,girloorloo
Gehyra granulum,-16.0833,123.4167,93789,granulum
Gehyra granulum,-16.114167,123.6942,93794,granulum
Gehyra granulum,-16.120833,123.7319,93802,granulum
Gehyra granulum,-15.38513889,124.3631944,93806,granulum
Gehyra granulum,-15.30333333,124.2608333,93809,granulum
Gehyra granulum,-16.256389,123.8247,93828,granulum
Gehyra granulum,-16.120833,123.731944,93836,granulum
Gehyra granulum,-16.076944,123.550278,96891,granulum
Gehyra granulum,-16.623056,123.470278,96892,granulum
Gehyra granulum,-16.2225,123.449167,96893,granulum
Gehyra granulum,-16.429722,123.178611,96894,granulum
Gehyra granulum,-16.370556,124.23,96895,granulum
Gehyra granulum,-15.385556,124.361944,102013,granulum
Gehyra granulum,-15.949722,124.556389,102014,granulum
Gehyra granulum,-15.949444,124.558333,102015,granulum
Gehyra granulum,-16.5576,123.3554,58911,granulum
Gehyra granulum,-15.28333333,124.4011111,90655,granulum
Gehyra granulum,-16.043056,123.283056,90656,granulum
Gehyra granulum,-17.088889,128.184722,90657,granulum
Gehyra granulum,-16.220833,123.4475,90658,granulum
Gehyra granulum,-16.044167,123.54,93780,granulum
Gehyra granulum,-16.089167,123.55,93781,granulum
Gehyra granulum,-16.105,123.512222,102003,granulum
Gehyra granulum,-16.096389,123.553889,96797,granulum
Gehyra granulum,-16.560278,123.355556,96798,granulum
Gehyra granulum,-16.622778,123.470278,96801,granulum
Gehyra granulum,-17.1189,125.1329,96810,granulum
Gehyra granulum,-14.968611,124.9203,96845,granulum
Gehyra granulum,-15.39,124.593056,96847,granulum
Gehyra granulum,-14.466667,125.533333,96876,granulum
Gehyra granulum,-14.601944,125.203889,96877,granulum
Gehyra granulum,-14.671,125.733,96878,granulum
Gehyra granulum,-14.6723,125.7319,101997,granulum
Gehyra granulum,-15.38659788,124.5979287,101984,granulum
Gehyra granulum,-14.50555556,125.1277778,102011,granulum
Gehyra granulum,-14.970278,124.923056,96787,granulum
Gehyra granulum,-16.177778,127.9125,96788,granulum
Gehyra granulum,-16.00877,127.97836,96799,granulum
Gehyra granulum,-15.81594,128.0965,96800,granulum
Gehyra granulum,-15.989722,125.3294,96802,granulum
Gehyra granulum,-15.981,125.3731,96811,granulum
Gehyra granulum,-17.158889,125.307222,96839,granulum
Gehyra granulum,-17.04067,125.2268,96842,granulum
Gehyra granulum,-16.99333,125.20489,96844,granulum
Gehyra granulum,-16.99333,125.20481,101988,granulum
Gehyra granulum,-17.52945,126.20999,101989,granulum
Gehyra granulum,-16.99822,125.2067,101990,granulum
Gehyra granulum,-17.16653,125.34761,101993,granulum
Gehyra granulum,-16.54834,124.9961,101994,granulum
Gehyra granulum,-17.06739,125.24787,44453,granulum
Gehyra granulum,-17.16663,125.34776,44529,granulum
Gehyra granulum,-17.52972,126.31295,44550,granulum
Gehyra granulum,-15.3,124.25,44585,granulum
Gehyra granulum,-16.083333,123.416667,44649,granulum
Gehyra granulum,-16.994247,125.204267,44651,granulum
Gehyra granulum,-15.3554,124.5288,56702,granulum
Gehyra granulum,-14.601944,125.2039,57098,granulum
Gehyra granulum,-14.97866667,124.9230556,57755,granulum
Gehyra granulum,-16.254167,123.8249,58097,granulum
Gehyra granulum,-15.383333,124.3622,58313,granulum
Gehyra granulum,-15.9693,124.9238,58314,granulum
Gehyra granulum,-15.283333,124.4392,59251,granulum
Gehyra granulum,-15.29597222,124.3983,60514,granulum
Gehyra granulum,-16.383333,124.983333,60515,granulum
Gehyra granulum,-17.18083,124.35139,44672,granulum
Gehyra granulum,-14.9833,124.9167,44714,granulum
Gehyra granulum,-15.066667,125.2,55517,granulum
Gehyra granulum,-16.083611,123.541944,56566,granulum
Gehyra granulum,-16.105278,123.441111,56797,granulum
Gehyra granulum,-16.1,123.533333,56941,granulum
Gehyra granulum,-16.223889,123.449722,57097,granulum
Gehyra granulum,-16.504167,125.275,57584,granulum
Gehyra granulum,-15.986667,123.539167,57586,granulum
Gehyra granulum,-16.083889,123.541944,60527,granulum
Gehyra granulum,-16.088889,123.55,60540,granulum
Gehyra granulum,-16.148889,123.588333,86036,granulum
Gehyra granulum,-16.223333,123.451389,44583,granulum
Gehyra granulum,-15.466667,125.483333,51490,granulum
Gehyra granulum,-15.083333,125.2,52089,granulum
Gehyra granulum,-15.116667,125.55,55021,granulum
Gehyra granulum,-14.666667,127,57350,granulum
Gehyra granulum,-15.316667,124.533333,57370,granulum
Gehyra granulum,-16.256389,123.824444,57381,granulum
Gehyra granulum,-16.249444,123.819167,59250,granulum
Gehyra granulum,-16.253333,123.825556,85888,granulum
Gehyra granulum,-14.5,125.783333,85907,granulum
Gehyra granulum,-15.333333,124.333333,44469,granulum
Gehyra kimberleyi,-18.185,125.5217,44636,kimberleyi
Gehyra kimberleyi,-17.8477,124.3411,44639,kimberleyi
Gehyra kimberleyi,-17.9541,127.7944,51348,kimberleyi
Gehyra kimberleyi,-18.5833,125.2833,85906,kimberleyi
Gehyra kimberleyi,-21.23,120.312778,58157,kimberleyi
Gehyra kimberleyi,-18.333333,125.75,84680,kimberleyi
Gehyra kimberleyi,-17.078056,122.711111,86628,kimberleyi
Gehyra kimberleyi,-17.073,122.7122,44472,kimberleyi
Gehyra kimberleyi,-17.073056,122.712222,44856,kimberleyi
Gehyra kimberleyi,-21.55,121.683333,60477,kimberleyi
Gehyra kimberleyi,-17.083611,122.659722,60547,kimberleyi
Gehyra kimberleyi,-18.116667,125.583333,60551,kimberleyi
Gehyra kimberleyi,-17.733056,123.565556,85930,kimberleyi
Gehyra kimberleyi,-17.425833,124.963611,85967,kimberleyi
Gehyra kimberleyi,-17.423333,124.919444,85971,kimberleyi
Gehyra kimberleyi,-17.423333,124.927778,85973,kimberleyi
Gehyra kimberleyi,-17.276667,124.860833,85974,kimberleyi
Gehyra kimberleyi,-18.916667,125.266667,85975,kimberleyi
Gehyra kimberleyi,-18.683333,128.583333,86131,kimberleyi
Gehyra kimberleyi,-16.4,122.933333,86177,kimberleyi
Gehyra kimberleyi,-17.14914,125.45947,86189,kimberleyi
Gehyra kimberleyi,-17.36813,124.0042,90495,kimberleyi
Gehyra kimberleyi,-17.34519,123.77831,90510,kimberleyi
Gehyra kimberleyi,-16.48927,125.35283,90511,kimberleyi
Gehyra kimberleyi,-16.49599,125.3393,102021,kimberleyi
Gehyra kimberleyi,-18.391,125.84,102037,kimberleyi
Gehyra kimberleyi,-18.2928,125.5871,102038,kimberleyi
Gehyra kimberleyi,-18.1076,125.6975,102070,kimberleyi
Gehyra kimberleyi,-18.523,125.9227,55792,kimberleyi
Gehyra kimberleyi,-16.64781,128.60473,55799,kimberleyi
Gehyra kimberleyi,-16.76551,128.27301,62282,kimberleyi
Gehyra kimberleyi,-17.88331,122.30016,62675,kimberleyi
Gehyra kimberleyi,-17.54384,126.17658,62676,kimberleyi
Gehyra kimberleyi,-17.97666,122.3436,62677,kimberleyi
Gehyra kimberleyi,-17.8486,124.3425,62678,kimberleyi
Gehyra kimberleyi,-17.415,124.9425,57382,kimberleyi
Gehyra kimberleyi,-17.666667,127.833333,102048,kimberleyi
Gehyra kimberleyi,-18.933333,126.05,102049,kimberleyi
Gehyra kimberleyi,-18.3,125.583333,102050,kimberleyi
Gehyra kimberleyi,-17.581944,124.901667,102051,kimberleyi
Gehyra kimberleyi,-20.116667,123.85,44482,kimberleyi
Gehyra kimberleyi,-19.666667,123.366667,44483,kimberleyi
Gehyra kimberleyi,-18.033333,123.933333,44560,kimberleyi
Gehyra kimberleyi,-18.016667,123.933333,44562,kimberleyi
Gehyra kimberleyi,-19.5,123.5,44567,kimberleyi
Gehyra kimberleyi,-20.166667,122.133333,44569,kimberleyi
Gehyra kimberleyi,-20.333333,122.133333,44570,kimberleyi
Gehyra kimberleyi,-20.416667,122.133333,44582,kimberleyi
Gehyra kimberleyi,-17.966667,122.233333,51463,kimberleyi
Gehyra kimberleyi,-18.666667,122.016667,51495,kimberleyi
Gehyra kimberleyi,-18.8,121.716667,51531,kimberleyi
Gehyra kimberleyi,NULL,NULL,53467,kimberleyi
Gehyra kimberleyi,-17.666667,123.566667,53668,kimberleyi
Gehyra kimberleyi,-18.633333,121.866667,54262,kimberleyi
Gehyra kimberleyi,-19.083333,121.6,54329,kimberleyi
Gehyra kimberleyi,-18.733333,126,55037,kimberleyi
Gehyra kimberleyi,-18.8,126.533333,55532,kimberleyi
Gehyra kimberleyi,-17.833333,122.3,55534,kimberleyi
Gehyra kimberleyi,-17.866667,124.516667,55535,kimberleyi
Gehyra kimberleyi,-18.266667,122.383333,55555,kimberleyi
Gehyra kimberleyi,-17.916667,127.816667,55881,kimberleyi
Gehyra kimberleyi,-17.433333,122.15,56795,kimberleyi
Gehyra kimberleyi,-17.733333,122.216667,56798,kimberleyi
Gehyra kimberleyi,-18,122.4,56915,kimberleyi
Gehyra kimberleyi,-17.033333,123.583333,56924,kimberleyi
Gehyra kimberleyi,-18.5,125.316667,57073,kimberleyi
Gehyra kimberleyi,-18.183333,125.583333,57419,kimberleyi
Gehyra kimberleyi,-18.145556,124.483333,57420,kimberleyi
Gehyra kimberleyi,-20.083333,124.2,57421,kimberleyi
Gehyra kimberleyi,-17.816667,122.533333,57422,kimberleyi
Gehyra kimberleyi,-18.666667,125.283333,57423,kimberleyi
Gehyra kimberleyi,-19.983333,121.266667,57424,kimberleyi
Gehyra kimberleyi,-18.1,122.483333,57591,kimberleyi
Gehyra kimberleyi,-16.533333,122.9,57754,kimberleyi
Gehyra kimberleyi,-16.983333,122.666667,59923,kimberleyi
Gehyra kimberleyi,-16.85,122.1,59928,kimberleyi
Gehyra kimberleyi,-17.3,122.166667,59936,kimberleyi
Gehyra kimberleyi,-18.416667,123.083333,60072,kimberleyi
Gehyra kimberleyi,-18.466667,123.683333,60193,kimberleyi
Gehyra kimberleyi,-17.4,122.15,60330,kimberleyi
Gehyra kimberleyi,-17.316667,123.566667,60336,kimberleyi
Gehyra kimberleyi,-16.566667,122.85,60337,kimberleyi
Gehyra kimberleyi,-16.733333,122.783333,60518,kimberleyi
Gehyra kimberleyi,-17.366667,122.15,60521,kimberleyi
Gehyra kimberleyi,-18.65,126.1,60522,kimberleyi
Gehyra kimberleyi,-16.733611,128.426667,60523,kimberleyi
Gehyra kimberleyi,-16.683333,128.433333,60525,kimberleyi
Gehyra kimberleyi,-16.6,128.466667,60561,kimberleyi
Gehyra kimberleyi,-16.7,128.45,60563,kimberleyi
Gehyra kimberleyi,-16.183333,123.616667,60955,kimberleyi
Gehyra kimberleyi,-17.428333,122.151944,61025,kimberleyi
Gehyra kimberleyi,-17.566667,128.516667,61902,kimberleyi
Gehyra kimberleyi,-18.166667,125.583333,61957,kimberleyi
Gehyra kimberleyi,-16.666667,128.433333,44230,kimberleyi
Gehyra kimberleyi,-18.75,126.033333,44547,kimberleyi
Gehyra kimberleyi,-17.616667,125.15,44962,kimberleyi
Gehyra kimberleyi,-17.616667,123.733333,44966,kimberleyi
Gehyra kimberleyi,-17.311111,122.169444,53043,kimberleyi
Gehyra kimberleyi,-18.933333,121.983333,54503,kimberleyi
Gehyra kimberleyi,-18.883333,123.716667,56138,kimberleyi
Gehyra kimberleyi,-17.983333,122.183333,56139,kimberleyi
Gehyra kimberleyi,-20.4,122.133333,56140,kimberleyi
Gehyra kimberleyi,-17.462222,122.1525,56144,kimberleyi
Gehyra kimberleyi,-17.573056,122.169167,56195,kimberleyi
Gehyra kimberleyi,-17.602778,122.191111,56698,kimberleyi
Gehyra kimberleyi,-17.503611,122.176667,59295,kimberleyi
Gehyra kimberleyi,-18.7,121.616667,60452,kimberleyi
Gehyra kimberleyi,-16.583333,125.916667,60460,kimberleyi
Gehyra kimberleyi,-16.133333,125.983333,60462,kimberleyi
Gehyra kimberleyi,-18.416667,127.45,60463,kimberleyi
Gehyra kimberleyi,-17.366667,123.666667,60464,kimberleyi
Gehyra kimberleyi,-18.65,125.283333,60466,kimberleyi
Gehyra kimberleyi,-17.316667,122.166667,60468,kimberleyi
Gehyra kimberleyi,-19.286111,127.166111,60480,kimberleyi
Gehyra kimberleyi,-17.059722,122.716667,61507,kimberleyi
Gehyra kimberleyi,-17.3,123.616667,61508,kimberleyi
Gehyra kimberleyi,-17.3,125.666667,61871,kimberleyi
Gehyra kimberleyi,-17.460833,122.2025,61890,kimberleyi
Gehyra kimberleyi,-20.083333,121.166667,62201,kimberleyi
Gehyra kimberleyi,-16.5,128.75,62203,kimberleyi
Gehyra kimberleyi,-16.566667,128.65,62280,kimberleyi
Gehyra kimberleyi,-20.4,122.116667,85982,kimberleyi
Gehyra kimberleyi,-20.383333,122.1,86029,kimberleyi
Gehyra kimberleyi,-20.4,122.1,86032,kimberleyi
Gehyra kimberleyi,-16.658333,123.765278,86033,kimberleyi
Gehyra kimberleyi,-17.133333,125.166667,86058,kimberleyi
Gehyra kimberleyi,-17.914444,122.247778,86116,kimberleyi
Gehyra kimberleyi,-17.4,128.75,86124,kimberleyi
Gehyra kimberleyi,-16.816667,124.916667,96817,kimberleyi
Gehyra kimberleyi,-17.781667,122.281111,96818,kimberleyi
Gehyra kimberleyi,-16.716944,125.455278,96843,kimberleyi
Gehyra kimberleyi,-17.818889,122.709167,96846,kimberleyi
Gehyra kimberleyi,-17.453056,124.224167,96854,kimberleyi
Gehyra kimberleyi,-17.656111,123.716667,96856,kimberleyi
Gehyra kimberleyi,-17.760556,122.906111,96875,kimberleyi
Gehyra kimberleyi,-18.185,125.521667,101963,kimberleyi
Gehyra kimberleyi,-17.847778,124.341111,101964,kimberleyi
Gehyra kimberleyi,-17.759722,124.018889,101968,kimberleyi
Gehyra kimberleyi,-17.336111,123.681111,102023,kimberleyi
Gehyra kimberleyi,-18.916667,123.45,102052,kimberleyi
Gehyra kimberleyi,-18.816667,123.283333,37918,kimberleyi
Gehyra kimberleyi,-18.916667,123.25,44661,kimberleyi
Gehyra kimberleyi,-18.383333,123.083333,44840,kimberleyi
Gehyra kimberleyi,-18.833333,123.333333,53190,kimberleyi
Gehyra kimberleyi,-17.343889,123.698611,51437,kimberleyi
Gehyra kimberleyi,-17.536111,124.900278,51499,kimberleyi
Gehyra kimberleyi,-18.266667,127.583333,51500,kimberleyi
Gehyra kimberleyi,-17.25,124.916667,51501,kimberleyi
Gehyra kimberleyi,-17.566667,124.85,51518,kimberleyi
Gehyra kimberleyi,-17.433333,124.966667,51529,kimberleyi
Gehyra kimberleyi,-18.466667,123.733333,51541,kimberleyi
Gehyra kimberleyi,-16.596944,128.458611,51862,kimberleyi
Gehyra kimberleyi,-17.533333,124.9,52057,kimberleyi
Gehyra kimberleyi,-17.866667,122.45,52181,kimberleyi
Gehyra kimberleyi,-16.116667,128.733333,52182,kimberleyi
Gehyra kimberleyi,-19.766667,121.1,52186,kimberleyi
Gehyra kimberleyi,-16.3,128.8,52459,kimberleyi
Gehyra kimberleyi,-18.916667,127.716667,52460,kimberleyi
Gehyra kimberleyi,-16.533333,128.633333,52469,kimberleyi
Gehyra kimberleyi,-19.083333,121.683333,52471,kimberleyi
Gehyra kimberleyi,-16.666667,128.75,52485,kimberleyi
Gehyra kimberleyi,-16.166667,128.833333,52496,kimberleyi
Gehyra kimberleyi,-17.6,127.908333,52497,kimberleyi
Gehyra kimberleyi,-17.856111,124.587222,52501,kimberleyi
Gehyra kimberleyi,-16.533333,123.75,52502,kimberleyi
Gehyra kimberleyi,-16.766667,124,52503,kimberleyi
Gehyra kimberleyi,-17.2,123.75,52504,kimberleyi
Gehyra kimberleyi,-20.516667,118.05,52506,kimberleyi
Gehyra kimberleyi,-19.65,123.383333,52508,kimberleyi
Gehyra kimberleyi,-17.85,129.633333,52509,kimberleyi
Gehyra kimberleyi,-17.85,128.633333,52511,kimberleyi
Gehyra kimberleyi,-17.506389,126.101944,52675,kimberleyi
Gehyra kimberleyi,-18.266667,122.183333,52692,kimberleyi
Gehyra kimberleyi,-17.833333,123.833333,52704,kimberleyi
Gehyra kimberleyi,-17.35,123.65,52708,kimberleyi
Gehyra kimberleyi,-17.433333,123.75,52742,kimberleyi
Gehyra kimberleyi,-17.083333,123.65,52757,kimberleyi
Gehyra kimberleyi,-16.466667,122.916667,52758,kimberleyi
Gehyra kimberleyi,-18.433333,123.1,52759,kimberleyi
Gehyra kimberleyi,-17.8,122.216667,52767,kimberleyi
Gehyra kimberleyi,-19.754444,121.449722,52769,kimberleyi
Gehyra kimberleyi,-19.811944,121.629444,52772,kimberleyi
Gehyra kimberleyi,-18.73955,125.96368,52773,kimberleyi
Gehyra kimberleyi,-18.3749,125.8392,52774,kimberleyi
Gehyra kimberleyi,-18.3241,125.8171,52775,kimberleyi
Gehyra kimberleyi,-18.4638,125.8164,52778,kimberleyi
Gehyra kimberleyi,-18.37186,125.7359,52788,kimberleyi
Gehyra multiporosa,-14.8202,125.7211,52792,multiporosa
Gehyra multiporosa,-14.4666,125.5333,54309,multiporosa
Gehyra multiporosa,-14.8258,125.7208,54322,multiporosa
Gehyra multiporosa,-14.8222,125.7108,54336,multiporosa
Gehyra multiporosa,-21.8077,114.1111,54356,multiporosa
Gehyra multiporosa,-14.466667,125.533333,54358,multiporosa
Gehyra multiporosa,-14.601944,125.203889,54359,multiporosa
Gehyra multiporosa,-14.673333,125.732222,54360,multiporosa
Gehyra multiporosa,-14.6,125.116667,54361,multiporosa
Gehyra multiporosa,-14.8317,125.7192,54363,multiporosa
Gehyra multiporosa,-14.6723,125.7319,54366,multiporosa
Gehyra multiporosa,-14.8237,125.7213,54367,multiporosa
Gehyra multiporosa,-14.82168,125.70993,54368,multiporosa
Gehyra multiporosa,-14.58527778,125.1022222,54375,multiporosa
Gehyra multiporosa,-14.35,125.5833333,54396,multiporosa
Gehyra multiporosa,-15.5944,125.1872,54403,multiporosa
Gehyra multiporosa,-15.0763,125.1836,54404,multiporosa
Gehyra multiporosa,-15.2805,125.0681,54426,multiporosa
Gehyra multiporosa,-16.3202,124.7597,54547,multiporosa
Gehyra multiporosa,-15.3578,124.9981,54555,multiporosa
Gehyra multiporosa,-15.7616,125.2561,54559,multiporosa
Gehyra multiporosa,-15.2947,125.495,54560,multiporosa
Gehyra multiporosa,-15.911111,124.459722,54578,multiporosa
Gehyra multiporosa,-14.9116,126.0517,54773,multiporosa
Gehyra multiporosa,-15.9508,124.5617,54789,multiporosa
Gehyra multiporosa,-15.39111111,124.3615278,54925,multiporosa
Gehyra multiporosa,-15.35,124.533333,54932,multiporosa
Gehyra multiporosa,-15.283333,124.383333,54941,multiporosa
Gehyra multiporosa,-15.351,125.001,54968,multiporosa
Gehyra multiporosa,-14.983333,124.916667,54982,multiporosa
Gehyra multiporosa,-15.026944,124.953889,55001,multiporosa
Gehyra multiporosa,-15.1324,125.1474,55002,multiporosa
Gehyra multiporosa,-15.625,125.265278,55134,multiporosa
Gehyra multiporosa,-15.806944,124.7375,55146,multiporosa
Gehyra multiporosa,-15.333333,124.933333,55161,multiporosa
Gehyra multiporosa,-15.116667,125.55,55165,multiporosa
Gehyra multiporosa,-15.283333,124.416667,55175,multiporosa
Gehyra multiporosa,-14.44856199,125.5164853,55177,multiporosa
Gehyra multiporosa,-14.891667,125.75,55178,multiporosa
Gehyra multiporosa,-14.533333,125.183333,55179,multiporosa
Gehyra multiporosa,-14.5,125.783333,55184,multiporosa
Gehyra multiporosa,-16.49046,126.21177,55206,multiporosa
Gehyra multiporosa,-15.36163333,124.5269444,55207,multiporosa
Gehyra multiporosa,-15.35,125,55215,multiporosa
Gehyra multiporosa,-15.35,125.016667,55252,multiporosa
Gehyra multiporosa,-16.0969,126.5112,55305,multiporosa
Gehyra multiporosa,-14.43333333,125.6177778,55306,multiporosa
Gehyra multiporosa,-15.01805556,124.9552778,55307,multiporosa
Gehyra multiporosa,-15.2917,124.3974,55308,multiporosa
Gehyra multiporosa,-15.95,124.5611,55312,multiporosa
Gehyra multiporosa,-15.05111111,125.1667975,55319,multiporosa
Gehyra multiporosa,-15.9494,124.5603,55332,multiporosa
Gehyra multiporosa,-15.3513,124.5269,55337,multiporosa
Gehyra multiporosa,-14.883333,125.75,55338,multiporosa
Gehyra multiporosa,-15.029167,124.955278,55339,multiporosa
Gehyra nana,-14.45833333,132.2583333,55340,nana
Gehyra nana,-14.8166,126.5,55341,nana
Gehyra nana,-15.983889,127.053889,55342,nana
Gehyra nana,-16.6575,125.9291667,55343,nana
Gehyra nana,-15.949167,127.073056,55344,nana
Gehyra nana,-15.2217,126.2114,55345,nana
Gehyra nana,-15.3522,126.5899,55349,nana
Gehyra nana,-15.2236,126.2154,55384,nana
Gehyra nana,-14.83431,126.29359,55413,nana
Gehyra nana,-15.9538,126.8687,55415,nana
Gehyra nana,-15.2609,126.201,55416,nana
Gehyra nana,-15.85118,127.41032,55417,nana
Gehyra nana,-14.8708,126.7198,55418,nana
Gehyra nana,-14.7811,126.6349,55419,nana
Gehyra nana,-14.7922,126.7863,55420,nana
Gehyra nana,-14.7827,126.636,55421,nana
Gehyra nana,-14.8237,125.7213,55422,nana
Gehyra nana,-17.29092,127.25687,55423,nana
Gehyra nana,-16.81862,126.22401,55424,nana
Gehyra nana,-16.53559,126.12857,55425,nana
Gehyra nana,-16.49046,126.21177,55426,nana
Gehyra nana,-14.8317,125.7192,55434,nana
Gehyra nana,-16.04728,126.70155,55435,nana
Gehyra nana,-14.60236,126.54053,55436,nana
Gehyra nana,-14.59144,126.55015,55437,nana
Gehyra nana,-14.58944,126.55015,55438,nana
Gehyra nana,-14.58944,126.55067,55439,nana
Gehyra nana,-14.77614,127.09767,55440,nana
Gehyra nana,-16.290528,127.197833,55441,nana
Gehyra nana,-14.740131,128.303356,55469,nana
Gehyra nana,-14.49111,127.65298,55516,nana
Gehyra nana,-13.21,130.74,55553,nana
Gehyra nana,-15.228889,125.208333,55556,nana
Gehyra nana,-16.6575,125.929167,55570,nana
Gehyra nana,-16.25175,126.49078,55580,nana
Gehyra nana,-16.0969,126.5112,55583,nana
Gehyra nana,-16.48927,125.35283,55591,nana
Gehyra nana,-16.49599,125.3393,55592,nana
Gehyra nana,-16.90368,125.7606,55593,nana
Gehyra nana,-16.92672,125.77951,55594,nana
Gehyra nana,-16.17108,125.98763,55596,nana
Gehyra nana,-16.34058,126.24382,55597,nana
Gehyra nana,-16.79873,125.84805,55598,nana
Gehyra nana,-16.657652,125.93697,55601,nana
Gehyra nana,-17.86138,125.33833,55603,nana
Gehyra nana,-16.129167,123.7803,55605,nana
Gehyra nana,-18.75,126.15,55606,nana
Gehyra nana,-16.15,123.75,55607,nana
Gehyra nana,-17.11526,125.13354,55608,nana
Gehyra nana,-17.52945,126.20999,55609,nana
Gehyra nana,-17.13767,125.07829,55610,nana
Gehyra nana,-17.14182,125.23882,55612,nana
Gehyra nana,-17.12977,125.24276,55613,nana
Gehyra nana,-17.90913,125.28525,55614,nana
Gehyra nana,-18.73955,125.96368,55615,nana
Gehyra nana,-18.75114,126.08203,55623,nana
Gehyra nana,-17.6773,125.0889,55627,nana
Gehyra nana,-18.3272,125.765,55629,nana
Gehyra nana,-18.34298,125.74506,55631,nana
Gehyra nana,-17.227222,124.895833,55666,nana
Gehyra nana,-17.173611,125.207778,55682,nana
Gehyra nana,-15.35,126.6167,55683,nana
Gehyra nana,-15.811111,128.7614,55759,nana
Gehyra nana,-17.3,128.1,55804,nana
Gehyra nana,-16.12,130.43,55812,nana
Gehyra nana,-18.05,127.666667,55858,nana
Gehyra nana,-16.966389,128.232778,55898,nana
Gehyra nana,-18.555556,127.223333,55916,nana
Gehyra nana,-17.283333,128.183333,56136,nana
Gehyra nana,-15.594444,129.018611,56167,nana
Gehyra nana,-17.54534,127.64304,56168,nana
Gehyra nana,-17.7746,127.69636,56169,nana
Gehyra nana,-15.61091,131.11597,56170,nana
Gehyra nana,-15.60622,131.07999,56171,nana
Gehyra nana,-16.02954,130.79301,56172,nana
Gehyra nana,-15.75056,129.08692,56175,nana
Gehyra nana,-16.02819,130.78358,56177,nana
Gehyra nana,-17.66931,128.30934,56187,nana
Gehyra nana,-17.64743,127.69274,56273,nana
Gehyra nana,-15.645,130.4959,56399,nana
Gehyra nana,-15.9354,129.6105,56403,nana
Gehyra nana,-15.7652,128.7402,56406,nana
Gehyra nana,-15.7942,128.69,56414,nana
Gehyra nana,-16.11707,128.73813,56605,nana
Gehyra nana,-15.97138,130.29541,56638,nana
Gehyra nana,-16.45158,130.10257,56771,nana
Gehyra nana,-16.05033,130.4021,56784,nana
Gehyra nana,-17.51892,129.87592,56815,nana
Gehyra nana,-18.42522,127.81967,56832,nana
Gehyra nana,-16.74565,128.28288,56888,nana
Gehyra nana,-17.33473,128.38443,56896,nana
Gehyra nana,-17.52655,128.36438,56897,nana
Gehyra nana,-17.38542,128.32997,56920,nana
Gehyra nana,-17.32335,128.41252,56936,nana
Gehyra nana,-17.49143,128.3761,56957,nana
Gehyra nana,-15.87528636,129.0512714,56969,nana
Gehyra nana,-15.60786011,131.0816176,56978,nana
Gehyra nana,-16.8,130.266667,56981,nana
Gehyra nana,-16.05,130.4,56982,nana
Gehyra nana,-16.416667,130.116667,56983,nana
Gehyra nana,-15.95,131.066667,56985,nana
Gehyra nana,-16.0421,130.4144,56986,nana
Gehyra nana,-16.8,130.26667,56987,nana
Gehyra nana,-15.533333,131.23333,56988,nana
Gehyra nana,-15.47596,131.13376,56989,nana
Gehyra nana,-16.02969,130.79793,56993,nana
Gehyra nana,-15.889605,130.246876,57000,nana
Gehyra nana,-16.57263,128.33977,57001,nana
Gehyra nana,-16.66349,128.52646,57006,nana
Gehyra nana,-16.60579,128.95433,57008,nana
Gehyra nana,-16.59644,128.95357,57163,nana
Gehyra nana,-15.0342667,129.8651167,57195,nana
Gehyra nana,-15.283,130.8321167,57318,nana
Gehyra nana,-15.0254667,130.47731,57319,nana
Gehyra nana,-14.9920667,130.2992167,57338,nana
Gehyra nana,-15.41666667,129.05,57345,nana
Gehyra nana,-16.02894,130.80029,57347,nana
Gehyra nana,-16.02783333,130.7873333,57437,nana
Gehyra nana,-16.63471462,129.3352062,57438,nana
Gehyra nana,-15.87227,130.32527,57559,nana
Gehyra nana,-16.31998,130.44366,57603,nana
Gehyra nana,-15.76313,128.75131,57623,nana
Gehyra nana,-16.16197,130.27608,57625,nana
Gehyra nana,-15.47476,131.13153,57828,nana
Gehyra nana,-15.47461,131.1312,57847,nana
Gehyra nana,-16.6001,128.34427,57957,nana
Gehyra nana,-13.58746,131.45853,58043,nana
Gehyra nana,-13.50956,130.77269,58044,nana
Gehyra nana,-14.3428,132.12965,58045,nana
Gehyra nana,-14.17313,133.7292,58046,nana
Gehyra nana,-14.26237,133.49582,58047,nana
Gehyra nana,-13.27,131.9,58048,nana
Gehyra nana,-13.58669,131.46097,58049,nana
Gehyra nana,-12.72606,130.85414,58050,nana
Gehyra nana,-14.0825,131.809,58051,nana
Gehyra nana,-13.71,130.71,58052,nana
Gehyra nana,-13.12641,130.80463,58053,nana
Gehyra nana,-14.47788,132.37256,58067,nana
Gehyra nana,-14.3984,132.1447,58073,nana
Gehyra nana,-14.03231,132.3087,58080,nana
Gehyra nana,-14.03253,132.30618,58545,nana
Gehyra nana,-14.19575,132.18536,58546,nana
Gehyra nana,-14.1837,132.1882,58547,nana
Gehyra nana,-14.17983,132.18614,58555,nana
Gehyra nana,-13.1223,130.8223,58574,nana
Gehyra nana,-13.09757,130.69287,58589,nana
Gehyra nana,-13.96556667,131.6951167,58599,nana
Gehyra nana,-13.7551,131.7553333,58910,nana
Gehyra nana,-12.90623333,131.16445,59243,nana
Gehyra nana,-13.67923333,132.0459,59248,nana
Gehyra nana,-14.43816,132.28014,59286,nana
Gehyra nana,-13.71971667,130.7142333,59287,nana
Gehyra nana,-13.00635,130.9943167,59288,nana
Gehyra nana,-13.01673333,131.0074333,59289,nana
Gehyra nana,-13.28506667,131.1174333,59290,nana
Gehyra nana,-14.19875,132.0382333,59291,nana
Gehyra nana,-14.18736667,132.0675167,59299,nana
Gehyra nana,-13.12181,130.66999,59305,nana
Gehyra nana,-13.11446,130.79838,59306,nana
Gehyra nana,-13.6076,131.52722,59374,nana
Gehyra nana,-13.59147,131.16756,59389,nana
Gehyra nana,-13.52229,130.83438,59500,nana
Gehyra nana,-12.86959,131.58818,59523,nana
Gehyra nana,-13.94383,132.90365,59534,nana
Gehyra nana,-14.51403333,132.84885,59536,nana
Gehyra nana,-14.13283333,134.343,59635,nana
Gehyra nana,-14.71124,134.28859,59637,nana
Gehyra nana,-12.78,133.08,59645,nana
Gehyra nana,-12.55,132.92,59648,nana
Gehyra nana,-13.43186,132.4183,59650,nana
Gehyra nana,-13.4313,132.41806,59651,nana
Gehyra nana,-13.44792,132.42488,59652,nana
Gehyra nana,-13.094115,132.992112,59653,nana
Gehyra nana,-13.639075,132.604871,59662,nana
Gehyra nana,-13.27005159,132.8282596,59663,nana
Gehyra nana,-13.38333333,133.3833333,59668,nana
Gehyra nana,-13.43333333,132.4166667,59670,nana
Gehyra nana,-13.21885796,132.8165014,59672,nana
Gehyra nana,-12.1883333,133.8125,59673,nana
Gehyra nana,-12.54848683,134.061396,59674,nana
Gehyra nana,-16.12652,130.95364,59675,nana
Gehyra nana,-14.25326667,130.8961,59679,nana
Gehyra nana,-16.53,131.8,59681,nana
Gehyra nana,-16.40246,131.01967,59690,nana
Gehyra nana,-16.12643,130.95403,59865,nana
Gehyra nana,-16.11629,130.95959,59979,nana
Gehyra nana,-16.3965,131.0311667,59980,nana
Gehyra nana,-13.91316667,131.1604,59981,nana
Gehyra nana,-15.6236,131.6334,59982,nana
Gehyra nana,-17.0298,131.2893,59983,nana
Gehyra nana,-14.81411667,131.9188333,59985,nana
Gehyra nana,-14.67686,132.08676,59992,nana
Gehyra nana,-15.0563833,126.4364167,60004,nana
Gehyra nana,-15.1998,126.0874,60019,nana
Gehyra nana,-15.1998,126.0887,60028,nana
Gehyra nana,-15.1278,126.1393,60029,nana
Gehyra nana,-15.1328,126.1478,60032,nana
Gehyra nana,-14.88,126.35853,60033,nana
Gehyra nana,-14.88556,126.35986,60066,nana
Gehyra nana,-15.1328,126.2002,60082,nana
Gehyra nana,-14.7699,126.5788,60083,nana
Gehyra nana,-15.02682,126.6653,60137,nana
Gehyra nana,-15.0273,126.66611,60368,nana
Gehyra nana,-15.16077,126.258017,60476,nana
Gehyra nana,-14.814444,126.514167,60573,nana
Gehyra nana,-15.200556,125.903889,60582,nana
Gehyra nana,-14.91923,126.64442,60607,nana
Gehyra nana,-15.02725,126.66505,60608,nana
Gehyra nana,-14.60824,126.93172,60609,nana
Gehyra nana,-14.60824,126.93479,60610,nana
Gehyra nana,-14.460192,127.859443,60611,nana
Gehyra nana,-14.486407,127.819172,60612,nana
Gehyra nana,-14.349779,127.750982,60614,nana
Gehyra nana,-14.79563,127.93694,60616,nana
Gehyra nana,-15.01073,126.83552,60619,nana
Gehyra nana,-15.0053,126.83661,60620,nana
Gehyra nana,-14.15638,126.64944,60649,nana
Gehyra nana,-14.088,126.4456,60662,nana
Gehyra nana,-13.8958,126.5999,60663,nana
Gehyra nana,-14.35,125.95,60666,nana
Gehyra nana,-14.163889,125.679722,60674,nana
Gehyra nana,-14.189167,125.731944,60862,nana
Gehyra nana,-14.52463,126.46395,61092,nana
Gehyra nana,-14.8791,126.172,61094,nana
Gehyra nana,-14.59534898,126.541894,61104,nana
Gehyra nana,-13.87271667,126.5151667,61165,nana
Gehyra nana,-14.4513,126.662,61179,nana
Gehyra nana,-14.310278,126.023889,61181,nana
Gehyra nana,-14.5178,126.4489,61313,nana
Gehyra nana,-14.51776,126.44862,61314,nana
Gehyra nana,-14.51675,126.45035,61320,nana
Gehyra nana,-15.633056,128.6672,61324,nana
Gehyra nana,-15.442222,128.1167,61325,nana
Gehyra nana,-15.71466,128.27228,61327,nana
Gehyra nana,-15.108889,128.1525,61329,nana
Gehyra nana,-15.075833,128.140833,61330,nana
Gehyra nana,-15.088889,128.141944,61336,nana
Gehyra nana,-15.078056,128.141389,61339,nana
Gehyra nana,-15.90715,128.12544,61342,nana
Gehyra nana,-15.72028,127.81917,61384,nana
Gehyra nana,-15.53519,128.71225,61401,nana
Gehyra nana,-15.17884,128.63002,61406,nana
Gehyra nana,-15.81605,128.097194,61510,nana
Gehyra nana,-15.81666,128.09793,61511,nana
Gehyra nana,-13.938333,126.173611,61518,nana
Gehyra nana,-13.939167,126.174444,61529,nana
Gehyra nana,-14.178,134.364,61547,nana
Gehyra nana,-14.706019,134.462817,61548,nana
Gehyra nana,-12.72157,135.59161,61555,nana
Gehyra nana,-14.08933333,134.5718333,61566,nana
Gehyra nana,-14.76098,134.68181,61567,nana
Gehyra nana,-14.65498,134.7812,61568,nana
Gehyra nana,-14.27311,135.06345,61763,nana
Gehyra nana,-13.63569364,135.1754401,61768,nana
Gehyra nana,-14.90591,135.0141,61790,nana
Gehyra nana,-14.73675,126.4661,61794,nana
Gehyra nana,-14.891667,125.75,61795,nana
Gehyra nana,-14.833333,125.7,61796,nana
Gehyra nana,-14.741759,128.302344,61797,nana
Gehyra nana,-14.743104,128.304433,61798,nana
Gehyra nana,-14.743575,128.302153,61799,nana
Gehyra nana,-14.743685,128.300027,61802,nana
Gehyra nana,-14.74382,128.299706,61805,nana
Gehyra nana,-14.911667,126.051667,61806,nana
Gehyra nana,-16.90567,125.76046,61817,nana
Gehyra nana,-16.15,125.966667,61818,nana
Gehyra nana,-16.12,130.42,61819,nana
Gehyra nana,-16.05,129.27,61820,nana
Gehyra nana,-17.6505,127.685,61823,nana
Gehyra nana,-16.02780632,130.7874586,61825,nana
Gehyra nana,-16.05,130.383333,61848,nana
Gehyra nana,-15.46039,131.3002,61867,nana
Gehyra nana,-16.7632,128.27444,61894,nana
Gehyra nana,-14.42193,132.21277,61983,nana
Gehyra nana,-14.466,132.266,61986,nana
Gehyra nana,-13.25,131.733,61987,nana
Gehyra nana,-12.883,131.466,61989,nana
Gehyra nana,-13.533,131.316,61991,nana
Gehyra nana,-13.95,131.916,61993,nana
Gehyra nana,-14.366,132.266,61994,nana
Gehyra nana,-13.233,131.083,61995,nana
Gehyra nana,-13.66666667,132.1666667,61999,nana
Gehyra nana,-14.47,132.27,62042,nana
Gehyra nana,-12.9,131.5833333,62044,nana
Gehyra nana,-12.516,131.016,62054,nana
Gehyra nana,-14.1,131.983333,62065,nana
Gehyra nana,-14.016667,131.933333,62066,nana
Gehyra nana,-13.72,131.72,62067,nana
Gehyra nana,-14.02,131.93,62101,nana
Gehyra nana,-14.08,131.97,62149,nana
Gehyra nana,-12.78,131.13,62199,nana
Gehyra nana,-13.25,131.1,62226,nana
Gehyra nana,-14.17,132.1,62227,nana
Gehyra nana,-14.4,132.33,62240,nana
Gehyra nana,-14.18,132.03,62435,nana
Gehyra nana,-13.6,131.52,62568,nana
Gehyra nana,-14.45,132.27,62607,nana
Gehyra nana,-12.85,131.62,62608,nana
Gehyra nana,-13.23,131.08,62658,nana
Gehyra nana,-13.23,131.13,62723,nana
Gehyra nana,-13.77,132.24,62747,nana
Gehyra nana,-13.73,132.21,62748,nana
Gehyra nana,-14.22,132.03,62749,nana
Gehyra nana,-13.6,131.73,62754,nana
Gehyra nana,-14.42,132.21,62759,nana
Gehyra nana,-14.33,132.12,62762,nana
Gehyra nana,-13.62,131.55,62780,nana
Gehyra nana,-13.03,131,62787,nana
Gehyra nana,-13.78,131.78,62789,nana
Gehyra nana,-13.38,131.5,62791,nana
Gehyra nana,-14.45,132.4,62792,nana
Gehyra nana,-12.82,131.67,62802,nana
Gehyra nana,-13.75,131.72,62804,nana
Gehyra nana,-14.17,132.07,62809,nana
Gehyra nana,-13.82,131.83,62814,nana
Gehyra nana,-13.03,131.02,62819,nana
Gehyra nana,-13.2,131.76,62820,nana
Gehyra nana,-13.4,131.78,62821,nana
Gehyra nana,-14.47881,132.34933,62822,nana
Gehyra nana,-13.75576551,131.7577387,62824,nana
Gehyra nana,-14.3859,132.2529,62825,nana
Gehyra nana,-14.4967,132.4161,62826,nana
Gehyra nana,-14.21966667,132.0403333,62827,nana
Gehyra nana,-13.09737,130.69289,62828,nana
Gehyra nana,-13.0075,130.9937,62832,nana
Gehyra nana,-13.00267,130.9937,62837,nana
Gehyra nana,-14.38689,132.177,62858,nana
Gehyra nana,-14.44242,132.23763,62890,nana
Gehyra nana,-14.71072,134.28941,62948,nana
Gehyra nana,-12.55,132.933,62949,nana
Gehyra nana,-12.566,132.916,62950,nana
Gehyra nana,-12.883,132.833,63000,nana
Gehyra nana,-12.533,132.916,63004,nana
Gehyra nana,-13.516,132.516,63094,nana
Gehyra nana,-13.516667,132.516667,90646,nana
Gehyra nana,-13.52,132.45,90647,nana
Gehyra nana,-12.75,132.93,90648,nana
Gehyra nana,-13.55,133.05,96825,nana
Gehyra nana,-12.78,133.12,96852,nana
Gehyra nana,-13.58,132.58,96857,nana
Gehyra nana,-16.7,131.716,96870,nana
Gehyra nana,-13.916,130.933,96886,nana
Gehyra nana,-13.73,130.73,102000,nana
Gehyra nana,-15.1989,125.9043,102024,nana
Gehyra nana,-14.457958,127.859623,44554,nana
Gehyra nana,-14.461395,127.856087,44611,nana
Gehyra nana,-14.461886,127.856871,44685,nana
Gehyra nana,-14.462863,127.860541,44700,nana
Gehyra nana,-14.485232,127.821753,44956,nana
Gehyra nana,-14.485356,127.819268,55025,nana
Gehyra nana,-14.163889,125.6797,55103,nana
Gehyra nana,-13.903333,126.6056,57372,nana
Gehyra nana,-14.310278,126.0239,57380,nana
Gehyra nana,-14.3742,125.9369,59093,nana
Gehyra nana,-14.36756667,125.9492333,59937,nana
Gehyra nana,-13.883333,126.566667,85882,nana
Gehyra nana,-13.95,126.583333,85883,nana
Gehyra nana,-13.9,126.533333,85908,nana
Gehyra nana,-14.3,126.633333,85912,nana
Gehyra nana,-14.216667,126.616667,85914,nana
Gehyra nana,-14.316667,126,85915,nana
Gehyra nana,-14.885278,126.204167,85921,nana
Gehyra nana,-14.3,126.63,93469,nana
Gehyra nana,-14.13,126.63,93473,nana
Gehyra nana,-15.633056,128.667222,44818,nana
Gehyra nana,-13.938611,126.174722,44890,nana
Gehyra nana,-16.62222,123.51694,44513,nana
Gehyra nana,-15.3,124.25,44551,nana
Gehyra nana,-16.083333,123.416667,44655,nana
Gehyra nana,-16.623056,123.470278,44678,nana
Gehyra nana,-14.601944,125.203889,44807,nana
Gehyra nana,-14.77938,134.66667,44814,nana
Gehyra nana ,-13.94278,132.90286,44828,nana 
Gehyra occidentalis,-18.61416,126.08444,44842,occidentalis
Gehyra occidentalis,-17.016,125.2,44902,occidentalis
Gehyra occidentalis,-16.65861,125.92693,44588,occidentalis
Gehyra occidentalis,-17.116,125.1,44698,occidentalis
Gehyra occidentalis,-17.45,124.216,44806,occidentalis
Gehyra occidentalis,-14.833,125.683,55665,occidentalis
Gehyra occidentalis,-16.1208,123.7319,55791,occidentalis
Gehyra occidentalis,-17.4,124.95,56166,occidentalis
Gehyra occidentalis,-18.0425,125.7354,56454,occidentalis
Gehyra occidentalis,-16.383333,124.983333,56499,occidentalis
Gehyra occidentalis,-17.15,125.05,56507,occidentalis
Gehyra occidentalis,-16.1,124.083333,59252,occidentalis
Gehyra occidentalis,-16.8,125.85,53402,occidentalis
Gehyra occidentalis,-16.25,124.966667,56903,occidentalis
Gehyra occidentalis,-16.183333,126,56908,occidentalis
Gehyra occidentalis,-16.666667,125.95,56912,occidentalis
Gehyra occidentalis,-16.616667,123.7,60034,occidentalis
Gehyra occidentalis,-17.616667,125.15,60037,occidentalis
Gehyra occidentalis,-15.483333,124.683333,60068,occidentalis
Gehyra occidentalis,-16.816667,124.916667,60069,occidentalis
Gehyra occidentalis,-16.251389,124.95,60081,occidentalis
Gehyra occidentalis,-16.166667,123.516667,60095,occidentalis
Gehyra occidentalis,-16.616667,123.516667,61962,occidentalis
Gehyra occidentalis,-16.25,123.516667,44804,occidentalis
Gehyra occidentalis,-16.05,123.533333,51414,occidentalis
Gehyra occidentalis,-16.416667,123.183333,54963,occidentalis
Gehyra occidentalis,-16.133333,123.4,55024,occidentalis
Gehyra occidentalis,-16.05,123.3,55083,occidentalis
Gehyra occidentalis,-16.504167,125.275,56004,occidentalis
Gehyra occidentalis,-15.95,123.683333,60984,occidentalis
Gehyra occidentalis,-16.583333,123.383333,60987,occidentalis
Gehyra occidentalis,-16.429167,123.178611,61031,occidentalis
Gehyra occidentalis,-17.25,124.866667,86298,occidentalis
Gehyra occidentalis,-17.3,124.833333,86300,occidentalis
Gehyra occidentalis,-17.7,124.983333,44586,occidentalis
Gehyra occidentalis,-17.233333,124.9,44688,occidentalis
Gehyra occidentalis,-17.333333,124.85,53251,occidentalis
Gehyra occidentalis,-16.733333,125.95,53252,occidentalis
Gehyra occidentalis,-16.533333,123.75,54331,occidentalis
Gehyra occidentalis,-17.15,125.283333,56472,occidentalis
Gehyra occidentalis,-18.72,126.5,85713,occidentalis
Gehyra occidentalis,-17.48246,125.02902,85715,occidentalis
Gehyra occidentalis,-16.7452,128.2825,44612,occidentalis
Gehyra occidentalis,-16.0925,124.093056,44676,occidentalis
Gehyra occidentalis,-16.081667,124.070556,44696,occidentalis
Gehyra occidentalis,-16.081667,124.075,44755,occidentalis
Gehyra occidentalis,-16.176944,125.439167,44805,occidentalis
Gehyra occidentalis,-16.176389,125.439167,53140,occidentalis
Gehyra occidentalis,-15.989444,125.329444,53199,occidentalis
Gehyra occidentalis,-15.976944,125.366667,57492,occidentalis
Gehyra occidentalis,-15.991667,125.328333,59253,occidentalis
Gehyra occidentalis,-16.745278,128.2825,44640,occidentalis
Gehyra occidentalis,-17.43222222,124.9808333,44474,occidentalis
Gehyra occidentalis,-16.6575,125.9291667,44613,occidentalis
Gehyra occidentalis,-17.408333,124.946111,60357,occidentalis
Gehyra occidentalis,-17.158889,125.307222,60384,occidentalis
Gehyra occidentalis,-17.432222,124.980833,60386,occidentalis
Gehyra occidentalis,-17.34001,124.8242,60387,occidentalis
Gehyra occidentalis,-16.6575,125.929167,60388,occidentalis
Gehyra occidentalis,-17.143611,125.268611,85416,occidentalis
Gehyra occidentalis,-17.954167,127.794444,85472,occidentalis
Gehyra occidentalis,-16.083333,123.416667,85560,occidentalis
Gehyra occidentalis,-17.51289,126.10918,85577,occidentalis
Gehyra occidentalis,-17.50879,126.11102,85599,occidentalis
Gehyra occidentalis,-17.04067,125.2268,85736,occidentalis
Gehyra occidentalis,-17.06837,125.24618,85762,occidentalis
Gehyra occidentalis,-16.99435,125.20403,85763,occidentalis
Gehyra occidentalis,-16.78657,124.92196,85767,occidentalis
Gehyra occidentalis,-16.78641,124.92006,85768,occidentalis
Gehyra occidentalis,-16.97111,125.02998,85855,occidentalis
Gehyra occidentalis,-17.1189,125.1329,85857,occidentalis
Gehyra occidentalis,-17.11526,125.13354,85858,occidentalis
Gehyra occidentalis,-17.11856,125.13182,85859,occidentalis
Gehyra occidentalis,-16.66662,125.42805,85867,occidentalis
Gehyra occidentalis,-16.66663,125.42805,85879,occidentalis
Gehyra occidentalis,-16.49954,125.33637,85920,occidentalis
Gehyra occidentalis,-17.52933,126.21127,86150,occidentalis
Gehyra occidentalis,-17.29543,127.25835,86235,occidentalis
Gehyra occidentalis,-17.16653,125.34761,86237,occidentalis
Gehyra occidentalis,-17.04106,125.227,86268,occidentalis
Gehyra occidentalis,-16.81862,126.22401,86269,occidentalis
Gehyra occidentalis,-16.53559,126.12857,86271,occidentalis
Gehyra occidentalis,-16.49046,126.21177,86297,occidentalis
Gehyra occidentalis,-16.34058,126.24382,86299,occidentalis
Gehyra occidentalis,-16.78116,124.92056,86301,occidentalis
Gehyra occidentalis,-16.54834,124.9961,86419,occidentalis
Gehyra occidentalis,-16.3515,125.22998,86487,occidentalis
Gehyra occidentalis,-17.14182,125.23882,90676,occidentalis
Gehyra occidentalis,-17.067686,125.247686,90683,occidentalis
Gehyra occidentalis,-17.50843,126.11055,90684,occidentalis
Gehyra occidentalis,-17.44611,126.18814,90689,occidentalis
Gehyra occidentalis,-17.47945,125.02886,90690,occidentalis
Gehyra occidentalis,-16.76551,128.27301,90746,occidentalis
Gehyra occidentalis,-17.06739,125.24787,91706,occidentalis
Gehyra occidentalis,-17.17496,125.29897,91707,occidentalis
Gehyra occidentalis,-17.52972,126.31295,93849,occidentalis
Gehyra occidentalis,-17.44576,126.18852,96579,occidentalis
Gehyra occidentalis,-16.657652,125.93697,97964,occidentalis
Gehyra occidentalis,-16.79873,125.84805,97965,occidentalis
Gehyra occidentalis,-16.221944,123.448333,97966,occidentalis
Gehyra occidentalis,-16.355,124.221111,97967,occidentalis
Gehyra occidentalis,-16.263889,123.520556,44607,occidentalis
Gehyra occidentalis,-16.342222,124.226111,60358,occidentalis
Gehyra occidentalis,-16.368056,124.230278,60335,occidentalis
Gehyra occidentalis,-16.370833,124.23,84672,occidentalis
Gehyra occidentalis,-17.408611,124.945278,85714,occidentalis
Gehyra occidentalis,-16.885,125.803889,85716,occidentalis
Gehyra occidentalis,-16.655556,125.926111,85753,occidentalis
Gehyra occidentalis,-16.994247,125.204267,86054,occidentalis
Gehyra occidentalis,-16.12,123.7233,86104,occidentalis
Gehyra occidentalis,-16.15,123.7833,86123,occidentalis
Gehyra occidentalis,-16.119444,123.7275,86198,occidentalis
Gehyra occidentalis,-16.061667,123.5525,86199,occidentalis
Gehyra occidentalis,-16.044261,123.539981,86211,occidentalis
Gehyra occidentalis,-16.083889,123.541944,86212,occidentalis
Gehyra occidentalis,-16.020119,123.519239,86236,occidentalis
Gehyra occidentalis,-16.141111,123.748611,86243,occidentalis
Gehyra occidentalis,-16.15,123.783333,86270,occidentalis
Gehyra occidentalis,-16.15,123.75,86323,occidentalis
Gehyra occidentalis,-16.424722,123.175,86324,occidentalis
Gehyra occidentalis,-16.427778,123.177778,86326,occidentalis
Gehyra occidentalis,-16.561389,123.356111,86333,occidentalis
Gehyra occidentalis,-16.683333,123.833333,86344,occidentalis
Gehyra occidentalis,-16.6225,123.471389,102093,occidentalis
Gehyra occidentalis,-16.622778,123.47,102096,occidentalis
Gehyra occidentalis,-16.616389,123.476389,86244,occidentalis
Gehyra occidentalis,-16.5575,123.355278,38087,occidentalis
Gehyra occidentalis,-16.557778,123.354444,44555,occidentalis
Gehyra occidentalis,-16.254167,123.824444,58781,occidentalis
Gehyra occidentalis,-16.622778,123.470833,62285,occidentalis
Gehyra occidentalis,-16.623056,123.470278,62293,occidentalis
Gehyra occidentalis,-16.92,125.77,86035,occidentalis
Gehyra occidentalis,-16.64,125.91,86130,occidentalis
Gehyra occidentalis,-16.083333,123.55,86186,occidentalis
Gehyra occidentalis,-15.989722,125.329444,90586,occidentalis
Gehyra occidentalis,-16.65609,125.92643,90587,occidentalis
Gehyra occidentalis,-16.7471,128.2784,90590,occidentalis
Gehyra occidentalis,-17.16663,125.34776,90591,occidentalis
Gehyra occidentalis,-17.13746,125.26692,90592,occidentalis
Gehyra occidentalis,-17.4634,126.18183,90627,occidentalis
Gehyra occidentalis,-16.6231,123.4704,90649,occidentalis
Gehyra occidentalis,-16.1216,123.72,90661,occidentalis
Gehyra occidentalis,-16.15,125.083333,90662,occidentalis
Gehyra occidentalis,-16.38417,124.23722,90663,occidentalis
Gehyra occidentalis,-17.2254,124.9017,90664,occidentalis
Gehyra occidentalis,-16.885,125.8099,93803,occidentalis
Gehyra occidentalis,-17.1799,125.2028,96794,occidentalis
Gehyra occidentalis,-16.07564,123.549503,102004,occidentalis
Gehyra occidentalis,-16.090842,123.550131,61451,occidentalis
Gehyra occidentalis,-16.083778,123.542072,61749,occidentalis
Gehyra occidentalis,-17.2272,124.8958,44615,occidentalis
Gehyra occidentalis,-16.223,123.4506,44545,occidentalis
Gehyra occidentalis,-16.0255,123.5208,44598,occidentalis
Gehyra occidentalis,-16.0755,123.5508,44599,occidentalis
Gehyra occidentalis,-17.4158,124.9408,52935,occidentalis
Gehyra occidentalis,-17.18,125.2028,56556,occidentalis
Gehyra occidentalis,-16.3708,124.2311,56571,occidentalis
Gehyra occidentalis,-16.3708,124.23,59257,occidentalis
Gehyra occidentalis,-16.425,123.175,61887,occidentalis
Gehyra occidentalis,-16.429167,123.178056,61896,occidentalis
Gehyra occidentalis,-16.088056,124.090278,62295,occidentalis
Gehyra occidentalis,-16.091111,124.091944,84700,occidentalis
Gehyra occidentalis,-16.084444,124.0725,84704,occidentalis
Gehyra occidentalis,-16.081111,124.0725,84707,occidentalis
Gehyra occidentalis,-16.089444,124.093333,84708,occidentalis
Gehyra occidentalis,-16.086944,124.087778,85246,occidentalis
Gehyra occidentalis,-16.178889,125.440278,85259,occidentalis
Gehyra occidentalis,-16.090556,124.095,85268,occidentalis
Gehyra occidentalis,-16.558333,123.354722,85269,occidentalis
Gehyra occidentalis,-16.925278,125.778333,85306,occidentalis
Gehyra paranana,-13.12641,130.80463,85370,paranana
Gehyra paranana,-15.65862,129.65944,86391,paranana
Gehyra paranana,-15.0342667,129.8651167,86483,paranana
Gehyra paranana,-15.65766667,129.6593333,86484,paranana
Gehyra paranana,-13.73,130.73,86500,paranana
Gehyra paranana,-13.35,131.138,92109,paranana
Gehyra paranana,-13.19654,130.71394,92112,paranana
Gehyra paranana,-13.49855,130.86745,92113,paranana
Gehyra paranana,-13.21472,130.74442,92116,paranana
Gehyra paranana,-13.08828,130.69186,92117,paranana
Gehyra pluraporosa,-14.51903,126.45811,92118,pluraporosa
Gehyra pluraporosa,-14.761132,126.212935,92119,pluraporosa
Gehyra pluraporosa,-14.75373,126.2105,93461,pluraporosa
Gehyra pluraporosa,-14.75413,126.21037,93579,pluraporosa
Gehyra pseudopunctata,-16.966389,128.232778,93581,pseudopunctata
Gehyra pseudopunctata,-16.750833,128.286667,93637,pseudopunctata
Gehyra pseudopunctata,-17.227222,124.895833,93654,pseudopunctata
Gehyra pseudopunctata,-17.51289,126.10918,93664,pseudopunctata
Gehyra pseudopunctata,-17.52933,126.21127,93668,pseudopunctata
Gehyra pseudopunctata,-17.29564,127.25612,93686,pseudopunctata
Gehyra pseudopunctata,-17.11638,125.13335,93692,pseudopunctata
Gehyra pseudopunctata,-16.74565,128.28288,93693,pseudopunctata
Gehyra pseudopunctata,-16.76551,128.27301,93728,pseudopunctata
Gehyra pseudopunctata,-17.52972,126.31295,93732,pseudopunctata
Gehyra pseudopunctata,-17.44576,126.18852,93748,pseudopunctata
Gehyra pseudopunctata,-16.745278,128.2825,93752,pseudopunctata
Gehyra pseudopunctata,-17.67997,127.69066,93756,pseudopunctata
Gehyra pseudopunctata,-17.116667,128.25,93762,pseudopunctata
Gehyra pseudopunctata,-17.25,124.916667,93764,pseudopunctata
Gehyra spheniscus,-16.9992,125.2068,95854,spheniscus
Gehyra spheniscus,-14.6733,125.7322,95855,spheniscus
Gehyra spheniscus,-14.4666,125.5333,95889,spheniscus
Gehyra spheniscus,-14.9875,125.5069,97931,spheniscus
Gehyra spheniscus,-14.82168,125.70993,97938,spheniscus
Gehyra spheniscus,-15.9897,125.3294,97941,spheniscus
Gehyra spheniscus,-16.176389,125.439167,97945,spheniscus
Gehyra spheniscus,-15.761667,125.256111,98693,spheniscus
Gehyra spheniscus,-15.9775,125.3678,98697,spheniscus
Gehyra spheniscus,-16,125.332778,98715,spheniscus
Gehyra spheniscus,-15.978611,125.367222,98716,spheniscus
Gehyra spheniscus,-16.798889,125.843889,98753,spheniscus
Gehyra spheniscus,-17.158889,125.307222,98776,spheniscus
Gehyra spheniscus,-17.06837,125.24618,98785,spheniscus
Gehyra spheniscus,-16.3515,125.22998,101835,spheniscus
Gehyra spheniscus,-16.994247,125.204267,101872,spheniscus
Gehyra spheniscus,-15.989722,125.329444,101887,spheniscus
Gehyra spheniscus,-14.816667,125.7,101896,spheniscus
Gehyra spheniscus,-14.466667,125.533333,101941,spheniscus
Gehyra spheniscus,-16.8,125.85,101942,spheniscus
Gehyra spheniscus,-17.18083,124.35139,101959,spheniscus
Gehyra xenopus,-15.594444,125.187222,102145,xenopus
Gehyra xenopus,-14.0766,126.3464,102150,xenopus
Gehyra xenopus,-14.666,125.716,102156,xenopus
Gehyra xenopus,-14.833,125.683,102170,xenopus
Gehyra xenopus,-15.066667,125.2,102171,xenopus
Gehyra xenopus,-15.35,125.016667,102177,xenopus
Gehyra xenopus,-14.866667,126.2,102181,xenopus
Gehyra xenopus,-16.183333,126,102182,xenopus
Gehyra xenopus,-14.833333,125.833333,102184,xenopus
Gehyra xenopus,-15.316667,124.533333,102185,xenopus
Gehyra xenopus,-15.283333,124.416667,44642,xenopus
Gehyra xenopus,-15.3,124.25,44645,xenopus
Gehyra xenopus,-16.383333,124.983333,85245,xenopus
Gehyra xenopus,-16.1,124.633333,85335,xenopus
Gehyra xenopus,-14.825556,125.695556,90794,xenopus
Gehyra xenopus,-15.625,125.265278,90833,xenopus
Gehyra xenopus,-15.1,124.916667,90834,xenopus
Gehyra xenopus,-15.25,124.833333,93578,xenopus
Gehyra xenopus,-15.366667,124.35,93604,xenopus
Gehyra xenopus,-16.376389,125.209722,93651,xenopus
Gehyra xenopus,-14.9,125.766667,95560,xenopus
Gehyra xenopus,-15.316667,125.583333,101810,xenopus
Gehyra xenopus,-15.333333,124.933333,101828,xenopus
Gehyra xenopus,-15.816667,125.55,101850,xenopus
Gehyra xenopus,-14.866667,125.833333,101915,xenopus
Gehyra xenopus,-14.75,126.17,101919,xenopus
Gehyra xenopus,-14.88,126.22,101958,xenopus
Gehyra xenopus,NULL,NULL,100891,xenopus
Gehyra xenopus,-14.18,126.32,100893,xenopus
Gehyra xenopus,-14.35,125.95,100929,xenopus
Gehyra xenopus,-14.9875,125.506944,100932,xenopus
Gehyra xenopus,-14.916667,126.2,100933,xenopus
Gehyra xenopus,-14.309444,126.026667,102261,xenopus
Gehyra xenopus,-14.761132,126.212935,102262,xenopus
Gehyra xenopus,-14.316667,126,100850,xenopus
Gehyra xenopus,-14.885833,126.203333,100851,xenopus
Gehyra xenopus,-14.74864,126.21316,101548,xenopus
Gehyra xenopus,-14.75413,126.21037,44601,xenopus
Gehyra xenopus,-14.74864,126.21051,44603,xenopus
Gehyra xenopus,-14.51903,126.45811,86399,xenopus
Gehyra xenopus,-14.52205,126.46121,86780,xenopus
Gehyra xenopus,-14.51886,126.4568,90808,xenopus
Gehyra xenopus,-14.51679,126.44779,90828,xenopus
Gehyra xenopus,-14.51715,126.4496,93569,xenopus
Gehyra xenopus,-14.5178,126.4489,93570,xenopus
Gehyra xenopus,-14.51658,126.44965,93572,xenopus
Gehyra xenopus,-14.816,125.7,93575,xenopus
Gehyra xenopus,-14.8241,125.7181,96696,xenopus
Gehyra xenopus,-14.4488,125.5228,97373,xenopus
Gehyra xenopus,-14.8222,125.7108,97390,xenopus
Gehyra xenopus,-14.6733,125.7322,97440,xenopus
Gehyra xenopus,-14.449722,125.519267,100819,xenopus
Gehyra xenopus,-14.466667,125.533333,100820,xenopus
Gehyra xenopus,-14.822222,125.710556,100832,xenopus
Gehyra xenopus,-14.820833,125.714444,101094,xenopus
Gehyra xenopus,-14.8226,125.7104,101123,xenopus
Gehyra xenopus,-14.8224,125.7097,84543,xenopus
Gehyra xenopus,-14.8317,125.7192,84544,xenopus
Gehyra xenopus,-14.8224,125.7192,84546,xenopus
Gehyra xenopus,-14.82168,125.70993,84550,xenopus
Gehyra xenopus,-14.35,125.5833333,84554,xenopus
Gehyra xenopus,-14.5844,125.2597,84555,xenopus
Gehyra xenopus,-14.5844,125.259722,84562,xenopus
Gehyra xenopus,-14.9875,125.5069,84564,xenopus
Gehyra xenopus,-15.5944,125.1872,85156,xenopus
Gehyra xenopus,-15.294722,125.495,85157,xenopus
Gehyra xenopus,-15.989722,125.329444,86804,xenopus
Gehyra xenopus,-16.18421,125.99358,90793,xenopus
Gehyra xenopus,-15.761667,125.256111,90795,xenopus
Gehyra xenopus,-15.990278,125.320556,90798,xenopus
Gehyra xenopus,-15.980833,125.370556,90802,xenopus
Gehyra xenopus,-15.983056,125.370833,90803,xenopus
Gehyra xenopus,-15.7483,125.3736,90804,xenopus
Gehyra xenopus,-17.143611,125.268611,90812,xenopus
Gehyra xenopus,-16.450278,124.766667,90814,xenopus
Gehyra xenopus,-17.04067,125.2268,90817,xenopus
Gehyra xenopus,-16.99435,125.20403,93523,xenopus
Gehyra xenopus,-16.78641,124.92006,93549,xenopus
Gehyra xenopus,-16.78116,124.92056,93584,xenopus
Gehyra xenopus,-16.54834,124.9961,93602,xenopus
Gehyra xenopus,-16.3515,125.22998,97564,xenopus
Gehyra xenopus,-17.17496,125.29897,97565,xenopus
Gehyra xenopus,-16.994247,125.204267,100825,xenopus
Gehyra xenopus,-15.9111,124.4597,100826,xenopus
Gehyra xenopus,-15.911111,124.459444,100827,xenopus
Gehyra xenopus,-15.283333,124.383333,100886,xenopus
Gehyra xenopus,-15.39138889,124.3619444,100914,xenopus
Gehyra xenopus,-15.29583333,124.3997222,101096,xenopus
Gehyra xenopus,-15.389167,124.656389,101121,xenopus
Gehyra xenopus,-15.385556,124.361944,101193,xenopus
Gehyra xenopus,-15.383333,124.35,101194,xenopus
Gehyra xenopus,-15.954444,124.560278,101196,xenopus
Gehyra xenopus,-15.1,125.2,101205,xenopus
Gehyra xenopus,-15.07444444,125.1891667,101206,xenopus
Gehyra xenopus,-15.266667,124.816667,101207,xenopus
Gehyra xenopus,-15.25666667,124.7986111,91912,xenopus
Gehyra xenopus,-15.25722222,124.8022222,84539,xenopus
Gehyra xenopus,-14.58277,125.10427,84545,xenopus
Gehyra xenopus,-14.6,125.116667,84549,xenopus
Gehyra xenopus,-14.233333,126.016667,92640,xenopus
Gehyra xenopus,-14.4513,126.662,92643,xenopus
Gehyra xenopus,-14.3,126.633333,44580,xenopus
Gehyra xenopus,-14.816,125.716,44630,xenopus
Gehyra xenopus,-14.816667,125.7,85182,xenopus
Gehyra xenopus,-14.891667,125.75,85184,xenopus
Gehyra xenopus,-14.5,125.466667,85187,xenopus
Gehyra xenopus,-14.897222,125.759722,85194,xenopus
Gehyra xenopus,-14.891667,125.759722,85213,xenopus
Gehyra xenopus,-14.5,125.783333,91985,xenopus
Gehyra xenopus,-14.516667,125.8,92041,xenopus
Gehyra xenopus,-14.833333,125.7,95843,xenopus
Gehyra xenopus,-15.9838,125.3275,44479,xenopus
Gehyra xenopus,-17.47805556,125.0216667,44594,xenopus
Gehyra xenopus,-15.2575,124.8008,90835,xenopus
Gehyra xenopus,-15.2908,124.4011,92127,xenopus
Gehyra xenopus,-15.2906,124.3997,92128,xenopus
Gehyra xenopus,-16.786389,124.92,92129,xenopus